ID;MODEL;COIL TYPE;TUBES;ROWS;CIRCUITS;P.A.;FIN THICK;LENGTH;TUB THICK;FIN MAT;CONN DIA;TYPE;TWIN_DES;TWOUT_DES;TAIN_DES;RH_DES;QA_DES;QW_DES;POW_WATER;POW_MEG_5;POW_MEG_10;POW_MEG_15;POW_MEG_20;POW_MEG_25;POW_MEG_30;POW_MEG_35;POW_MEG_40;POW_MEG_45;POW_MEG_50;POW_MPG_5;POW_MPG_10;POW_MPG_15;POW_MPG_20;POW_MPG_25;POW_MPG_30;POW_MPG_35;POW_MPG_40;POW_MPG_45;POW_MPG_50;UA_WATER;UA_MEG_5;UA_MEG_10;UA_MEG_15;UA_MEG_20;UA_MEG_25;UA_MEG_30;UA_MEG_35;UA_MEG_40;UA_MEG_45;UA_MEG_50;UA_MPG_5;UA_MPG_10;UA_MPG_15;UA_MPG_20;UA_MPG_25;UA_MPG_30;UA_MPG_35;UA_MPG_40;UA_MPG_45;UA_MPG_50;QW_DP_DES;DP_DES;KV_W;QW_MIN;QW_MAX;SURFACE;COMM_FACTOR;ACCORDING DESIGN CODE;TUBE EXTERNAL DIAMETER OD;TUBE THICKNESS;FINS PITCH;FIN THICKNESS;CONNECTIONS SIDE;CONNECTIONS SIZE;CONNECTIONS TYPE;TUBE & HEADER MATERIAL;FINS MATERIAL;FRAME MATERIAL;COATING MATERIAL
0;2DBWCID77H;2;35;3;104;2;0.11;7740;0.35;1;109;cross-flow both unmixed;42;37.70;30;0.5;70000;30;138610;136652.6266;135981.5271;134592.7241;133278.4877;131759.1931;130165.3319;127751.238;125150.7276;120676.7312;110852.5809;137090.7054;135571.4108;134191.9286;132812.4464;131339.7559;128590.1123;125243.9358;120443.7106;110796.6559;97738.17901;;;;;;;;;;;;;;;;;;;;;;62;60.37;7.979599631;;;561;5%;;12;0.35;2;0.11;Opposite;;;;;;
1;2DBWD0774H;2;35;3;104;2;0.11;7740;0.35;1;108;cross-flow both unmixed;42;37.54;30;0.5;70000;28.5;136590;135900.4339;133813.0986;132489.8772;131250.5219;129815.4789;128203.3852;126535.3807;123180.7348;116275.7552;104832.6852;134931.314;133691.9587;132163.7311;131595.305;128958.1805;126554.0176;122202.2964;115241.4061;104823.3668;79700.79615;;;;;;;;;;;;;;;;;;;;;;56;61.29;7.153082209;;;561;5%;;12;0.35;2;0.11;Opposite;;;;;;
2;2DBWCID11H;2;35;3;104;2;0.11;11040;0.35;1;109;cross-flow both unmixed;42;37.56;30;0.5;100000;42;199010;198175.8485;197545.6008;194644.6074;193282.16;191725.0773;188722.1321;187452.3682;185246.501;180973.7919;177711.3329;197443.6489;195858.7612;194422.167;192790.9375;189889.9441;188814.8156;186293.8245;183411.3678;180093.2987;175004.9749;;;;;;;;;;;;;;;;;;;;;;52;60.01;6.712611772;;;800;5%;;12;0.35;2;0.11;Opposite;;;;;;
3;2DBWD01104H;2;35;3;104;2;0.11;11040;0.35;1;108;cross-flow both unmixed;42;36.10;30;0.5;100000;28.5;181170;180141.5812;179047.7175;176270.9867;174382.4358;171773.9916;169773.2496;167052.6143;162630.4134;152149.8906;135620.3953;179000.9712;178066.045;176018.5566;173774.7337;171259.7822;167828.6031;161658.0901;150803.5969;137303.2625;122194.855;;;;;;;;;;;;;;;;;;;;;;48;60.15;6.189041881;;;800;5%;;12;0.35;2;0.11;Opposite;;;;;;
4;2DBWCID55H;2;31;3;90;2;0.11;5540;0.35;1;109;cross-flow both unmixed;42;37.71;30;0.5;50000;20;92310;91629.12398;90752.37951;89670.43953;88299.36041;87049.53319;85379.98788;83719.76963;79000.27281;68404.72264;55663.94665;91787.68415;90407.27796;89092.16126;88429.93938;86387.31131;82022.2431;74765.78357;64776.49288;50132.99485;37700.01212;;;;;;;;;;;;;;;;;;;;;;64;59.85;8.272711833;;;355;5%;;12;0.35;2;0.11;Opposite;;;;;;
5;2DBWN0554H;113;42;3;126;2;0.1;5540;0.3;1;108;cross-flow both unmixed;42;39.58;30;0.5;50000;40;103230;102278.2734;101982.5913;101372.747;100938.464;99672.57519;99090.45113;98462.12675;96863.5956;95948.82922;94775.34103;102657.116;101345.0269;100892.2637;100310.1396;99275.25242;98212.64501;97316.35875;96235.27121;94424.21858;91458.15789;;;;;;;;;;;;;;;;;;;;;;48;63.38;6.029275376;;;342;5%;;9.52;0.3;2;0.1;Opposite;;;;;;
6;2DBWCID44H;2;31;3;90;2;0.11;4440;0.35;1;109;cross-flow both unmixed;42;38.44;30;0.5;40000;20;76310;75760.5382;75117.94728;74233.22065;73246.05199;72147.12839;70852.63363;69604.70344;65823.66122;57516.54381;47030.20503;75835.04149;74894.43739;73842.07835;72817.65804;71234.46302;68282.26995;62750.40029;54322.21504;42513.44276;32231.98804;;;;;;;;;;;;;;;;;;;;;;71;60.36;9.138685531;;;285;5%;;12;0.35;2;0.11;Opposite;;;;;;
7;2DBWN0444H;113;42;3;126;2;0.1;4440;0.3;1;108;cross-flow both unmixed;42;40.04;30;0.5;40000;40;84180;83872.2973;83657.83784;83247.56757;82846.62162;82231.21622;81867.56757;80730;79974.72973;78632.02703;77690.27027;83713.78378;83191.62162;82753.37838;82268.51351;81569.18919;80702.02703;79844.18919;79051.62162;77680.94595;75555;;;;;;;;;;;;;;;;;;;;;;52;61.72;6.618969577;;;274;5%;;9.52;0.3;2;0.1;Opposite;;;;;;
8;2DBWCID33H;2;31;3;90;2;0.11;3340;0.35;1;109;cross-flow both unmixed;42;39.23;30;0.5;30000;20;58820;58396.10528;57981.42566;57235.00235;56451.71863;55622.35939;54710.06423;53502.88579;50775.21542;45117.14241;37275.09008;58082.79179;57299.50807;56617.59047;56230.55616;54728.49444;52535.30002;48711.03243;42868.65737;33616.69434;25728.5665;;;;;;;;;;;;;;;;;;;;;;79;59.05;10.28056872;;;214;5%;;12;0.35;2;0.11;Opposite;;;;;;
9;2DBWN0334H;113;42;3;42;2;0.1;3340;0.3;1;108;cross-flow both unmixed;42;37.84;30;0.5;30000;13;57810;57633.58015;57039.3238;56807.19242;56575.06103;55795.09958;55562.9682;54857.28879;54281.60296;53371.64793;52480.26341;57466.44555;57104.32059;56816.47767;56482.20848;55878.66688;55172.98747;54588.01638;53965.90427;53390.21844;52016.00064;;;;;;;;;;;;;;;;;;;;;;16;64.86;1.986696426;;;206;5%;;9.52;0.3;2;0.1;Opposite;;;;;;
10;2DBWCID22H;2;31;3;90;2;0.11;2240;0.35;1;109;cross-flow both unmixed;42;40.08;30;0.5;20000;20;40680;40385.68392;40063.77572;39594.70947;39070.45896;38537.01108;37939.18155;37203.39136;35474.28442;31712.55709;26902.32874;40210.93376;39686.68325;39217.617;38674.97174;37746.03663;36559.57495;34113.07258;30627.26656;24612.18178;18882.21569;;;;;;;;;;;;;;;;;;;;;;92;59.45;11.931963;;;144;5%;;12;0.35;2;0.11;Opposite;;;;;;
11;2DBWN0224H;113;42;3;42;2;0.1;2240;0.3;1;108;cross-flow both unmixed;42;39.06;30;0.5;20000;13;40800;40419.47225;40270.97361;40066.78799;39649.13558;39370.70064;39147.95268;38665.33212;38303.3667;37653.68517;37245.31392;40549.40855;40076.06915;39862.60237;39649.13558;39203.63967;38795.26843;38386.89718;37997.08826;37310.28207;36363.60328;;;;;;;;;;;;;;;;;;;;;;20;66.57;2.451267556;;;138;5%;;9.52;0.3;2;0.1;Opposite;;;;;;
12;2DBWN0114;113;42;3;42;2;0.1;1140;0.3;1;108;cross-flow both unmixed;42;39.61;30;0.5;20000;13;43581;43324.78471;43092.97088;42726.94905;42287.72284;41885.09882;41165.25588;40652.82531;40054.98964;39383.94961;38615.30375;43129.57307;42739.14978;42348.72648;41933.90174;41226.25952;40604.0224;40225.79983;39493.75616;38542.09938;37297.62514;;;;;;;;;;;;;;;;;;;;;;26;59.46;3.371792929;;;76;5%;;9.52;0.3;2;0.1;Opposite;;;;;;
13;P40AC-3R-56T-13030A-2,3PA-168C;94;56;3;168;2.3;0.15;13030;0.4;9;209;cross-flow both unmixed;38.5;35;30;0.5;262685;90.57550472;365462;362968;360320;356678;352622;349152;342704;336204;330228;322330;313294;360094;357966;356348;351560;344544;339088;334454;326274;325018;318724;88149.98566;87324.19247;86406.38154;85076.87992;83647.04614;82592.45909;80266.61147;78029.81968;76114.92963;73441.46597;70386.28763;85853.37331;85092.36359;84590.30531;82670.4921;79855.12141;77873.31946;76363.39935;73455.88595;73572.58803;71652.10094;130;60.67;16.6900007;29.85449366;204.4099276;2346.127762;5%;2014/68/UE(PED) - Art. 4.3;16.45;0.4;2.3;0.15;Opposite;2xDN100;Victaulic;Copper;Al/Mg 2,5;AISI 304;Natural finish
14;P40AC-3R-56T-13030A-2,3PA-084C;94;56;3;84;2.3;0.15;13030;0.4;9;209;cross-flow both unmixed;40;35;30;0.5;262685;72.9464626;420232;417356;416632;412480;407672;404198;399116;393658;389924;381702;373638;416506;413698;411566;407762;404482;398654;393054;388068;383580;379114;95257.47288;94245.34763;94283.57727;92685.47638;90880.16836;89841.29398;88139.83614;86364.94811;85486.16731;82585.36511;79865.05978;93710.14201;92602.49082;91853.55487;90363.72683;89223.23931;86999.20274;85021.09251;83450.52368;82218.29359;81098.96211;82;61.5;10.45625809;14.92724683;128.0624847;2346.127762;5%;2014/68/UE(PED) - Art. 4.3;16.45;0.4;2.3;0.15;Same;2xDN100;Victaulic;Copper;Al/Mg 2,5;AISI 304;Natural finish
15;P40AC-3R-56T-13030A-2,3PA-056C;94;56;3;56;2.3;0.15;13030;0.4;9;209;cross-flow both unmixed;42.5;35;30;0.5;262685;56.72862595;489740;488940;485624;480552;475492;470878;466686;461452;452464;446182;439920;486138;483342;479824;476866;470498;466910;461304;455864;450918;446164;95625.66183;95881.59762;94891.13501;93171.37829;91619.77625;90445.25368;89624.1007;88455.32299;85674.30869;84231.06388;82883.44049;94353.07572;93433.01156;92225.00001;91381.64348;89123.23991;88293.86773;86729.15092;85411.01649;84473.56861;83773.39942;39;61.03;4.992210875;9.951497888;61.14184667;2346.127762;5%;2014/68/UE(PED) - Art. 4.3;16.45;0.4;2.3;0.15;Opposite;2xDN100;Victaulic;Copper;Al/Mg 2,5;AISI 304;Natural finish
16;P40AC-3R-56T-13030A-2,3PA-042C;94;56;3;42;2.3;0.15;13030;0.4;9;209;cross-flow both unmixed;47.5;35;30;0.5;262685;42.68007848;612830;608874;605318;600360;594948;587360;580888;573530;565966;555318;545048;609590;604582;600712;596710;589210;583934;578960;571984;563904;554930;95606.16784;94767.39626;94065.73377;92900.08521;91767.68173;89923.8266;88809.73806;87503.52164;86262.5797;83802.12259;81638.66501;94762.00717;93095.98904;92045.83681;91115.76507;88908.30945;87910.8857;87299.64917;86094.35864;84662.58766;83071.37102;29;59.02;3.774838669;7.463623416;46.23214301;2346.127762;5%;2014/68/UE(PED) - Art. 4.3;16.45;0.4;2.3;0.15;Same;2xDN100;Victaulic;Copper;Al/Mg 2,5;AISI 304;Natural finish
17;P40AC-4R-56T-13030A-2,3PA-224C;94;56;4;224;2.3;0.15;13030;0.4;9;209;cross-flow both unmixed;38.5;35;30;0.5;262685;107.2474931;432730;427658;425830;422264;417254;414024;409272;400932;392212;382994;365000;430928;426004;421998;416176;408250;404652;394810;385710;381704;376868;115956.8627;113398.6184;112785.5743;111218.9205;108941.5594;107843.7227;106007.1123;102304.5539;98584.23063;94774.579;86876.03534;115243.2988;112616.9337;110608.7976;107664.0921;103732.4248;102358.8879;97828.20291;93954.72692;92798.86869;91343.24417;144;59.45;18.676116;39.80599155;228.7347728;3128.17035;5%;2014/68/UE(PED) - Art. 4.3;16.45;0.4;2.3;0.15;Opposite;2xDN100;Victaulic;Copper;Al/Mg 2,5;AISI 304;Natural finish
18;P40AC-4R-56T-13030A-2,3PA-112C;94;56;4;112;2.3;0.15;13030;0.4;9;209;cross-flow both unmixed;40;35;30;0.5;262685;86.71545714;499556;497436;492692;489706;485222;481374;474116;471034;462800;453008;449678;494994;491008;487102;483938;480322;472876;470660;464810;458370;454098;126732.2616;126173.4975;123909.6076;122889.6626;121123.6945;119959.6751;116926.8417;116596.3413;113332.0688;109342.5138;109200.4124;124410.0486;122433.784;120576.2774;119297.9819;117917.3559;114493.7771;114339.4093;112291.3952;110123.6415;109380.3074;102;60.38;13.12664129;19.90299578;160.767866;3128.17035;5%;2014/68/UE(PED) - Art. 4.3;16.45;0.4;2.3;0.15;Same;2xDN100;Victaulic;Copper;Al/Mg 2,5;AISI 304;Natural finish
19;P40AC-4R-56T-13030A-2,3PA-075C;94;56;4;75;2.3;0.15;13030;0.4;9;209;cross-flow both unmixed;42.5;35;30;0.5;262685;68.04695558;587448;584948;581796;575988;570400;564998;559162;551804;544512;534526;527882;585186;580072;574200;572150;564932;560630;553520;548438;541572;532442;131789.2359;131175.5189;130103.2611;127545.8175;125374.8746;123575.4743;121759.4482;119257.9303;116979.5297;113312.0813;111698.7409;131041.1827;128475.6475;125568.8228;125121.9018;121830.9746;120505.9324;117829.5125;116569.9552;114550.3444;111506.847;52;61.55;6.628104012;13.32789896;81.17736396;3128.17035;5%;2014/68/UE(PED) - Art. 4.3;16.45;0.4;2.3;0.15;Opposite;2xDN100;Victaulic;Copper;Al/Mg 2,5;AISI 304;Natural finish
20;P40AC-4R-56T-13030A-2,3PA-056C;94;56;4;56;2.3;0.15;13030;0.4;9;209;cross-flow both unmixed;45;35;30;0.5;262685;58.37018845;671190;667234;664652;658694;652788;646564;638786;632098;624894;612482;602894;667442;664074;658464;653930;649114;642038;635216;627532;620530;612720;133836.3647;132665.2006;132273.5583;130038.0559;128152.4687;126413.2123;124074.0416;122649.6335;121143.3;116803.8482;114288.0709;132393.5028;131128.521;128645.664;127035.5954;125551.1211;123099.7559;121147.657;119054.7097;117667.3861;116128.2892;39;60.61;5.0094779;9.951497888;61.35332367;3128.17035;5%;2014/68/UE(PED) - Art. 4.3;16.45;0.4;2.3;0.15;Same;2xDN100;Victaulic;Copper;Al/Mg 2,5;AISI 304;Natural finish
21;P40AC-5R-56T-13030A-2,3PA-280C;94;56;5;280;2.3;0.15;13030;0.4;9;209;cross-flow both unmixed;38.5;35;30;0.5;262685;120.0844569;484534;480910;479642;474902;470540;465276;454926;450408;441310;426352;392534;481526;479820;474146;468930;459408;453846;442492;423096;418960;411866;143622.8244;141533.6771;141216.4909;138391.9112;136051.2539;133270.0527;127202.7864;125375.8636;120695.037;112702.1989;95375.41403;141823.4325;140984.3903;137230.9135;134009.3833;128054.1944;125108.7678;118729.1843;108225.3252;106884.1486;104055.4036;154;60.04;19.87469072;49.75748944;243.4142553;3910.212937;5%;2014/68/UE(PED) - Art. 4.3;16.45;0.4;2.3;0.15;Opposite;2xDN100;Victaulic;Copper;Al/Mg 2,5;AISI 304;Natural finish
22;P40AC-5R-56T-13030A-2,3PA-140C;94;56;5;140;2.3;0.15;13030;0.4;9;209;cross-flow both unmixed;40;35;30;0.5;262685;97.79754973;563400;559338;557476;550484;546900;542560;535710;531504;522204;514510;506820;558814;553458;549518;548262;541652;536926;528698;522482;517068;512510;159806.5005;157555.942;157049.6977;152621.013;151174.0744;149419.8628;146037.2601;144903.5756;140215.3831;136938.2272;133859.9423;156841.6766;153268.6892;150928.6341;150820.1205;146867.4682;144643.9883;140205.8116;137549.4231;135736.5042;134769.256;118;60.36;15.18823792;24.87874472;186.017165;3910.212937;5%;2014/68/UE(PED) - Art. 4.3;16.45;0.4;2.3;0.15;Same;2xDN100;Victaulic;Copper;Al/Mg 2,5;AISI 304;Natural finish
23;P40AC-5R-56T-13030A-2,3PA-094C;94;56;5;94;2.3;0.15;13030;0.4;9;209;cross-flow both unmixed;42.5;35;30;0.5;262685;77.13051145;665860;662736;657964;651456;646736;643410;632766;626412;619092;608058;596918;663488;658690;650926;649180;640900;635088;628590;623888;614282;607344;169500.3264;168546.8858;166186.3461;162740.5012;161025.9316;160503.6203;154719.8127;152531.9003;149881.1546;144766.8515;139879.0481;168687.4097;165838.6464;160861.1342;160814.0571;156169.9882;153530.602;150756.0896;149639.7616;145385.4627;143362.0397;64;61.37;8.169621054;16.70430003;100.0570149;3910.212937;5%;2014/68/UE(PED) - Art. 4.3;16.45;0.4;2.3;0.15;Opposite;2xDN100;Victaulic;Copper;Al/Mg 2,5;AISI 304;Natural finish
24;P40AC-5R-56T-13030A-2,3PA-070C;94;56;5;70;2.3;0.15;13030;0.4;9;209;cross-flow both unmixed;45;35;30;0.5;262685;66.31544426;762558;761726;755070;749330;742152;736040;728260;720248;709574;697892;686064;761440;753476;749396;744732;739142;731244;723962;717724;708134;697426;173340.7116;174498.6319;170892.5881;168366.1581;165184.0524;163312.6578;160631.8953;158180.939;154083.3891;149565.1226;145252.8322;173677.9924;168522.1316;166616.6715;164585.9708;162280.8573;158761.1225;156209.8272;154905.857;151669.897;148098.4053;48;59.61;6.217011582;12.43937236;76.14253051;3910.212937;5%;2014/68/UE(PED) - Art. 4.3;16.45;0.4;2.3;0.15;Same;2xDN100;Victaulic;Copper;Al/Mg 2,5;AISI 304;Natural finish
13;P40AC-3R-56T-11160A-2,3PA-168C;94;56;3;168;2.3;0.15;11160;0.4;9;209;cross-flow both unmixed;38.5;35;30;0.5;224986;76.32811774;307974;305852;303460;299652;296146;292504;288410;283348;276954;266770;250056;303448;303066;299086;294658;288126;283726;278206;266280;263758;261210;73684.89586;72993.72672;72160.20477;70719.46371;69501.8937;68308.37421;66993.95894;65326.39874;63154.40713;59488.9246;53490.22982;71783.72012;71810.29817;70186.73544;68431.66637;65850.89946;64310.63821;62395.37882;58024.04536;57514.19146;57053.94732;136;60.47;17.48915892;29.85449366;214.1975769;2009.423317;5%;2014/68/UE(PED) - Art. 4.3;16.45;0.4;2.3;0.15;Opposite;2xDN100;Victaulic;Copper;Al/Mg 2,5;AISI 304;Natural finish
14;P40AC-3R-56T-11160A-2,3PA-084C;94;56;3;84;2.3;0.15;11160;0.4;9;209;cross-flow both unmixed;40;35;30;0.5;224986;61.80806925;356072;353814;352364;349578;344810;340412;337878;332412;326230;321568;314464;353380;350460;348458;346030;340272;334436;331210;328066;322118;319434;80131.8643;79375.22731;78997.38397;78022.57117;76182.7893;74630.98573;74048.80312;72178.36232;70066.83811;68711.88025;66336.24945;79066.50043;77878.58247;77160.09293;76293.33481;73952.76527;71713.54266;70758.65426;69932.74682;67964.22892;67511.72025;88;61.21;11.24790093;14.92724683;137.7580898;2009.423317;5%;2014/68/UE(PED) - Art. 4.3;16.45;0.4;2.3;0.15;Same;2xDN100;Victaulic;Copper;Al/Mg 2,5;AISI 304;Natural finish
15;P40AC-3R-56T-11160A-2,3PA-056C;94;56;3;56;2.3;0.15;11160;0.4;9;209;cross-flow both unmixed;42.5;35;30;0.5;224986;48.17863182;415924;414570;410456;406130;403642;399460;394682;389994;383572;376024;370732;413396;410838;408062;404732;400402;394498;388708;384568;380202;376030;80778.14403;80671.95777;79231.29054;77792.03194;77330.18826;76223.11008;74976.28481;73885.76759;72107.09865;69917.81327;68798.79788;79958.23281;79097.89559;78178.64746;77094.72495;75681.24955;73717.01563;71966.33614;71071.96172;70211.30428;69556.79538;42;59.99;5.422628589;9.951497888;66.41336554;2009.423317;5%;2014/68/UE(PED) - Art. 4.3;16.45;0.4;2.3;0.15;Opposite;2xDN100;Victaulic;Copper;Al/Mg 2,5;AISI 304;Natural finish
16;P40AC-3R-56T-11160A-2,3PA-042C;94;56;3;42;2.3;0.15;11160;0.4;9;209;cross-flow both unmixed;45;35;30;0.5;224986;41.11104644;472738;470822;465732;464374;459810;453874;448514;442306;435310;427826;420852;470562;465734;462894;459452;455966;449456;446290;440792;433424;427206;81638.75055;81442.50229;79745.34363;79881.12162;78710.34186;77101.57337;75927.69702;74520.15545;72881.41164;71126.19783;69683.7154;81100.14876;79320.27321;78514.04259;77558.5643;76740.49725;74783.39114;74463.0686;73317.51223;71544.84803;70423.1925;32;61.01;4.096844365;7.463623416;50.17589125;2009.423317;5%;2014/68/UE(PED) - Art. 4.3;16.45;0.4;2.3;0.15;Same;2xDN100;Victaulic;Copper;Al/Mg 2,5;AISI 304;Natural finish
17;P40AC-4R-56T-11160A-2,3PA-224C;94;56;4;224;2.3;0.15;11160;0.4;9;209;cross-flow both unmixed;38.5;35;30;0.5;224986;90.41583862;364820;362250;358986;354674;350458;347310;342422;336520;327620;310806;277564;364110;358282;354568;349022;345662;335778;324270;306716;302722;297062;96614.91031;95521.53058;94007.19651;91974.52928;90123.7753;88993.07926;87016.38343;84613.44925;80780.1347;73357.75313;59898.56476;96514.90639;93374.09706;91543.75614;88791.91841;87368.54292;82652.21862;77480.0176;69996.43093;68823.48992;67016.52909;149;59.5;19.31647096;39.80599155;236.5774874;2679.23109;5%;2014/68/UE(PED) - Art. 4.3;16.45;0.4;2.3;0.15;Opposite;2xDN100;Victaulic;Copper;Al/Mg 2,5;AISI 304;Natural finish
18;P40AC-4R-56T-11160A-2,3PA-112C;94;56;4;112;2.3;0.15;11160;0.4;9;209;cross-flow both unmixed;40;35;30;0.5;224986;73.77512625;425002;420746;420388;417184;411642;406282;403530;396030;390930;383518;376950;420668;416910;414874;412616;405878;399272;393968;390060;385610;382472;107260.5847;105255.8959;105655.1459;104382.6303;101843.4363;99623.49061;99126.59987;95987.09327;94386.79719;91588.45753;89384.60299;105028.4867;103149.1506;102367.4612;101550.1326;98240.10387;95254.15801;93214.13702;92120.75779;90893.70444;90534.07505;108;59.53;13.99767205;19.90299578;171.4357705;2679.23109;5%;2014/68/UE(PED) - Art. 4.3;16.45;0.4;2.3;0.15;Same;2xDN100;Victaulic;Copper;Al/Mg 2,5;AISI 304;Natural finish
19;P40AC-4R-56T-11160A-2,3PA-075C;94;56;4;75;2.3;0.15;11160;0.4;9;209;cross-flow both unmixed;42.5;35;30;0.5;224986;57.72421334;498330;496830;492264;488132;485076;477332;471914;466524;459728;451920;444286;496330;492072;488618;484136;480018;473658;467044;461228;455268;448816;110830.1916;110705.1641;108649.8906;107009.7977;106209.6622;102844.2347;101070.0772;99487.624;97252.27885;94585.4084;92148.67478;110158.0078;108068.6509;106546.49;104561.665;102980.1426;100338.7828;97805.52321;95938.6363;94198.40259;92381.90063;56;60.68;7.188946323;13.32789896;88.0462514;2679.23109;5%;2014/68/UE(PED) - Art. 4.3;16.45;0.4;2.3;0.15;Opposite;2xDN100;Victaulic;Copper;Al/Mg 2,5;AISI 304;Natural finish
20;P40AC-4R-56T-11160A-2,3PA-056C;94;56;4;56;2.3;0.15;11160;0.4;9;209;cross-flow both unmixed;45;35;30;0.5;224986;49.6308123;570700;567818;563374;558674;554320;547016;542220;534732;528062;518726;510636;567634;563738;559776;555968;550240;542602;537306;532234;525004;517064;113072.6296;112382.196;110700.4798;109056.6793;107873.8947;105253.8189;104347.1416;102122.3577;100548.3063;97630.90191;95562.06903;111934.7555;110260.2473;108656.1721;107332.5598;105159.9476;102223.841;100876.1521;99925.94493;98065.37623;96068.61026;42;59.57;5.441711212;9.951497888;66.64707899;2679.23109;5%;2014/68/UE(PED) - Art. 4.3;16.45;0.4;2.3;0.15;Same;2xDN100;Victaulic;Copper;Al/Mg 2,5;AISI 304;Natural finish
21;P40AC-5R-56T-11160A-2,3PA-280C;94;56;5;280;2.3;0.15;11160;0.4;9;209;cross-flow both unmixed;38.5;35;30;0.5;224986;101.7133731;410400;406746;404274;398514;394564;390518;386020;377288;365124;333690;286582;408446;403338;398188;392506;386552;375542;353908;323628;319066;312878;120261.4936;118109.5361;116825.415;113293.3026;111234.1851;109277.4478;107177.6047;102496.9023;96045.9676;80072.36606;60623.4807;119222.6552;115850.2621;112584.6172;109137.8371;105732.0295;99450.46053;87893.37802;73903.21121;72449.07765;70381.3414;158;60.13;20.37565061;49.75748944;249.5497359;3349.038862;5%;2014/68/UE(PED) - Art. 4.3;16.45;0.4;2.3;0.15;Opposite;2xDN100;Victaulic;Copper;Al/Mg 2,5;AISI 304;Natural finish
22;P40AC-5R-56T-11160A-2,3PA-140C;94;56;5;140;2.3;0.15;11160;0.4;9;209;cross-flow both unmixed;40;35;30;0.5;224986;82.8860439;477496;475552;473424;465872;461738;459766;451690;447956;438862;433186;425358;473000;468636;465416;463912;458644;450908;445686;440780;434312;430634;133900.3244;133241.087;132387.9123;127463.1147;125453.4972;125294.1862;120850.9594;119802.1098;115144.8103;113057.433;109674.3163;130978.2671;128175.4856;126338.6226;125923.705;122916.2631;118454.2683;116064.0233;114137.7346;111408.2048;110732.4746;124;59.69;16.04984696;24.87874472;196.5696775;3349.038862;5%;2014/68/UE(PED) - Art. 4.3;16.45;0.4;2.3;0.15;Same;2xDN100;Victaulic;Copper;Al/Mg 2,5;AISI 304;Natural finish
23;P40AC-5R-56T-11160A-2,3PA-094C;94;56;5;94;2.3;0.15;11160;0.4;9;209;cross-flow both unmixed;42.5;35;30;0.5;224986;65.29033877;563658;563522;557640;552584;548386;542072;537844;531006;520784;513892;504590;560198;557486;551778;548038;543108;536082;531142;523960;517138;511556;141763.0129;142990.4193;139567.5168;136993.3349;135224.2106;132166.2362;130960.3467;128080.3304;123029.0694;120557.6577;116623.2389;139957.225;138676.1882;135223.2977;133453.1936;130952.3151;127270.1607;125389.2429;122268.164;119702.5525;118236.5202;68;59.36;8.825960238;16.70430003;108.0954954;3349.038862;5%;2014/68/UE(PED) - Art. 4.3;16.45;0.4;2.3;0.15;Opposite;2xDN100;Victaulic;Copper;Al/Mg 2,5;AISI 304;Natural finish
24;P40AC-5R-56T-11160A-2,3PA-070C;94;56;5;70;2.3;0.15;11160;0.4;9;209;cross-flow both unmixed;45;35;30;0.5;224986;56.32886792;647730;644832;640372;633742;628412;624080;615868;608932;600432;591586;580392;643960;639096;634802;631514;623874;618598;611188;605338;597702;586316;145813.3021;145052.5959;143007.6743;139591.8384;137545.9727;136631.9479;133237.2032;131115.0658;128142.4347;125160.7902;120800.5168;143898.639;141108.3674;138916.6416;137733.3356;133752.5049;131878.6317;128927.5907;127456.1631;125143.3286;120683.5591;52;59.31;6.752108022;12.43937236;82.69609671;3349.038862;5%;2014/68/UE(PED) - Art. 4.3;16.45;0.4;2.3;0.15;Same;2xDN100;Victaulic;Copper;Al/Mg 2,5;AISI 304;Natural finish
25;P40AC-3R-56T-9290A-2,3PA-168C;94;56;3;168;2.3;0.15;9290;0.4;9;209;cross-flow both unmixed;38.5;35;30;0.5;187286;62.15253183;250782;249112;246932;242898;239612;235796;231582;226630;220206;199920;172250;247008;246158;242280;238024;233746;226220;213384;195582;192448;187862;59373.42433;58852.50869;58084.19167;56520.1814;55367.4768;54055.39469;52645.11039;50991.90538;48804.3667;41531.60162;32839.65671;57821.69011;57598.87178;56029.56109;54362.544;52768.95216;49937.66446;45264.35805;39290.24387;38526.91531;37326.27646;142;59.62;18.3904501;29.85449366;225.2360944;1672.718873;5%;2014/68/UE(PED) - Art. 4.3;16.45;0.4;2.3;0.15;Opposite;2xDN100;Victaulic;Copper;Al/Mg 2,5;AISI 304;Natural finish
26;P40AC-3R-56T-9290A-2,3PA-084C;94;56;3;84;2.3;0.15;9290;0.4;9;209;cross-flow both unmixed;40;35;30;0.5;187286;50.72445548;292216;289876;288416;285500;282892;277734;274066;270804;266614;261052;255088;290238;287258;284892;281576;276586;274066;268764;265128;261676;258728;65147.50558;64304.82611;63872.25026;62792.61935;61930.85714;59971.21325;58783.7465;57844.75551;56547.57606;54706.12921;52761.20311;64400.79138;63166.61353;62251.6222;60949.62266;58975.7463;58189.49673;56273.29409;55163.98175;54205.13019;53522.57904;94;59.29;12.20779221;14.92724683;149.514309;1672.718873;5%;2014/68/UE(PED) - Art. 4.3;16.45;0.4;2.3;0.15;Same;2xDN100;Victaulic;Copper;Al/Mg 2,5;AISI 304;Natural finish
27;P40AC-3R-56T-9290A-2,3PA-056C;94;56;3;56;2.3;0.15;9290;0.4;9;209;cross-flow both unmixed;42.5;35;30;0.5;187286;39.58649883;341746;340560;338184;334222;331156;327356;323186;317882;313306;305674;301764;340108;336798;333204;330858;325704;321578;317890;312654;309262;305538;65835.91918;65716.78423;65018.10029;63661.59594;62824.18081;61767.44481;60653.79208;59135.17745;58014.70682;55655.00685;54935.75676;65377.141;64126.49905;62797.51023;62103.94226;60280.78365;59029.10131;58078.01995;56594.09067;55978.30076;55319.37832;46;59.27;5.975033823;9.951497888;73.17892031;1672.718873;5%;2014/68/UE(PED) - Art. 4.3;16.45;0.4;2.3;0.15;Opposite;2xDN80;Victaulic;Copper;Al/Mg 2,5;AISI 304;Natural finish
28;P40AC-3R-56T-9290A-2,3PA-042C;94;56;3;42;2.3;0.15;9290;0.4;9;209;cross-flow both unmixed;45;35;30;0.5;187286;33.87163011;389488;387684;384572;381128;377616;372246;367864;363014;357882;350252;344616;387140;384114;380842;377356;373144;369248;363952;359948;354358;348396;66844.476;66581.90002;65692.12861;64750.68112;63915.00706;62403.15456;61466.90538;60441.74182;59386.09877;57340.81566;56217.3579;66153.69172;65134.79081;64065.80177;63008.07955;61771.51901;60817.04383;59426.11004;58718.21133;57489.9479;56234.03303;36;63.13;4.530901346;7.463623416;55.49198186;1672.718873;5%;2014/68/UE(PED) - Art. 4.3;16.45;0.4;2.3;0.15;Same;2xDN80;Victaulic;Copper;Al/Mg 2,5;AISI 304;Natural finish
29;P40AC-4R-56T-9290A-2,3PA-224C;94;56;4;224;2.3;0.15;9290;0.4;9;209;cross-flow both unmixed;38.5;35;30;0.5;187286;73.78050709;297696;294994;292502;288562;284804;279886;275116;269894;255284;221146;180794;296018;291176;287428;283898;275854;264664;239092;211404;207032;203010;77726.31765;76519.29629;75426.09519;73593.1964;71967.57701;69837.37754;67905.52861;65848.76219;59476.86228;46134.97275;33512.61489;77015.59619;74507.58499;72684.42978;71061.11394;67234.40019;62193.98858;51673.90819;42054.19999;40884.32412;39869.18227;154;59.22;20.01181684;39.80599155;245.0937004;2230.29183;5%;2014/68/UE(PED) - Art. 4.3;16.45;0.4;2.3;0.15;Opposite;2xDN100;Victaulic;Copper;Al/Mg 2,5;AISI 304;Natural finish
30;P40AC-4R-56T-9290A-2,3PA-112C;94;56;4;112;2.3;0.15;9290;0.4;9;209;cross-flow both unmixed;40;35;30;0.5;187286;60.41535227;348042;345892;344280;341468;336586;331920;328138;323264;317542;310992;303416;344390;342050;340030;336436;330406;327130;321752;315126;311580;308612;86768.39866;85986.97112;85507.03594;84382.91357;82161.90348;80240.82886;78974.18194;77211.9634;75093.03441;72635.28343;69584.15561;84930.4087;83872.11734;83040.76287;81376.46686;78479.79172;77288.38733;75104.03378;72441.24399;71526.5249;71024.09137;116;59.37;15.05478178;19.90299578;184.3826677;2230.29183;5%;2014/68/UE(PED) - Art. 4.3;16.45;0.4;2.3;0.15;Same;2xDN100;Victaulic;Copper;Al/Mg 2,5;AISI 304;Natural finish
31;P40AC-4R-56T-9290A-2,3PA-075C;94;56;4;75;2.3;0.15;9290;0.4;9;209;cross-flow both unmixed;42.5;35;30;0.5;187286;47.52943368;410312;407556;406104;401654;398460;393088;388206;382200;376560;368386;361938;407800;405298;402014;397680;392806;388152;382146;376764;372446;364206;90375.36084;89355.85042;89089.42707;87139.62704;86097.70331;83967.00628;82296.24966;80148.19644;78332.23197;75272.75671;73248.93618;89312.87288;88228.56422;86741.82174;84775.42285;82679.19654;80892.25365;78569.49377;76766.97761;75677.52343;72737.34185;62;61.35;7.915610319;13.32789896;96.94603142;2230.29183;5%;2014/68/UE(PED) - Art. 4.3;16.45;0.4;2.3;0.15;Opposite;2xDN80;Victaulic;Copper;Al/Mg 2,5;AISI 304;Natural finish
32;P40AC-4R-56T-9290A-2,3PA-056C;94;56;4;56;2.3;0.15;9290;0.4;9;209;cross-flow both unmixed;45;35;30;0.5;187286;40.87017312;469958;467218;463364;459358;456226;448746;443530;438260;431908;424770;416480;466536;462590;458180;455436;450520;446286;440380;435410;427642;422864;92245.03238;91470.80505;90001.99303;88600.15311;87907.63571;84973.32596;83538.31428;82250.18771;80514.93576;78479.5525;75964.19007;90799.00003;89031.33922;87106.44252;86269.56978;84431.26462;83187.98153;81281.66092;80094.77304;77667.6142;76970.56627;47;61.11;6.012314859;9.951497888;73.63551789;2230.29183;5%;2014/68/UE(PED) - Art. 4.3;16.45;0.4;2.3;0.15;Same;2xDN80;Victaulic;Copper;Al/Mg 2,5;AISI 304;Natural finish
33;P40AC-5R-56T-9290A-2,3PA-280C;94;56;5;280;2.3;0.15;9290;0.4;9;209;cross-flow both unmixed;38.5;35;30;0.5;187286;82.9270962;334606;332704;329514;324476;320058;316270;308906;299770;272104;224674;177484;333156;328048;323518;318032;308032;284642;247968;212580;206998;201564;96074.50621;95169.07716;93342.17351;90364.51928;87982.16598;86162.9489;82267.55281;77602.08257;63973.73209;45495.08548;31594.56611;95372.63704;92097.28541;89350.99435;86143.83262;80447.58979;68338.62546;52849.87782;40949.53544;39453.04303;38051.48607;161;59.32;20.90380305;49.75748944;256.0182557;2787.864788;5%;2014/68/UE(PED) - Art. 4.3;16.45;0.4;2.3;0.15;Opposite;2xDN100;Victaulic;Copper;Al/Mg 2,5;AISI 304;Natural finish
34;P40AC-5R-56T-9290A-2,3PA-140C;94;56;5;140;2.3;0.15;9290;0.4;9;209;cross-flow both unmixed;40;35;30;0.5;187286;67.94041517;391400;390922;387018;384572;378736;375078;369222;364132;358442;350312;339084;387176;385058;383222;379610;373308;369754;362852;354946;351016;340718;108004.4979;108357.1041;106022.9633;104939.7401;101528.2502;99939.09923;96997.81483;94789.05005;92334.11862;88457.79958;82947.56785;105293.9106;104164.4189;103290.8843;101238.0516;97497.74445;95893.05174;92282.63765;88341.85202;87092.69702;82227.55712;132;59.83;17.06531974;24.87874472;209.0066283;2787.864788;5%;2014/68/UE(PED) - Art. 4.3;16.45;0.4;2.3;0.15;Same;2xDN100;Victaulic;Copper;Al/Mg 2,5;AISI 304;Natural finish
35;P40AC-5R-56T-9290A-2,3PA-094C;94;56;5;94;2.3;0.15;9290;0.4;9;209;cross-flow both unmixed;42.5;35;30;0.5;187286;53.93307053;465592;461624;460384;454434;451660;446764;438338;435800;427952;420446;410854;463218;459528;455758;451756;445048;438732;433866;427192;421546;413722;116189.9595;114188.0913;114196.6756;110674.572;109765.7098;107537.4673;103073.5909;102951.7832;99328.67231;96140.76711;91811.34763;115099.6623;112957.5977;110817.0063;108627.0256;104770.3026;101514.017;99499.21023;96561.56802;94523.59023;91352.94166;76;61.46;9.694319175;16.70430003;118.7306769;2787.864788;5%;2014/68/UE(PED) - Art. 4.3;16.45;0.4;2.3;0.15;Opposite;2xDN80;Victaulic;Copper;Al/Mg 2,5;AISI 304;Natural finish
36;P40AC-5R-56T-9290A-2,3PA-070C;94;56;5;70;2.3;0.15;9290;0.4;9;209;cross-flow both unmixed;45;35;30;0.5;187286;46.47421273;534400;532012;527386;523402;517648;512548;505602;500048;491950;483178;475938;530916;527472;524592;518626;512986;507106;500480;496880;487798;480430;119068.0142;118458.0383;116095.7047;114444.5291;111803.5475;109971.2104;107145.2513;105559.1667;102445.2924;99096.98541;96941.06794;117240.5572;115411.3331;114119.4518;110837.2208;108127.0764;105597.9581;102919.8477;102536.1249;98890.8739;96645.131;58;60.65;7.447535653;12.43937236;91.21331096;2787.864788;5%;2014/68/UE(PED) - Art. 4.3;16.45;0.4;2.3;0.15;Same;2xDN80;Victaulic;Copper;Al/Mg 2,5;AISI 304;Natural finish
37;P40AC-3R-56T-7420A-2,3PA-168C;94;56;3;168;2.3;0.15;7420;0.4;9;209;cross-flow both unmixed;38.5;35;30;0.5;149587;48.23203912;194610;192488;190262;187432;185554;181694;176042;168466;150554;120070;90398;193040;189160;185580;183636;174946;158228;134174;112862;109888;106868;45477.61399;44716.3787;43905.97966;42869.73421;42294.82655;40930.17161;38905.92527;36241.94457;30162.87897;21401.02851;14486.59393;44913.41469;43326.53173;41920.2443;41249.39869;37922.94319;32041.96944;24777.06197;19329.9772;18705.89729;18086.44978;150;59.56;19.43631435;29.85449366;238.0452632;1336.014428;5%;2014/68/UE(PED) - Art. 4.3;16.45;0.4;2.3;0.15;Opposite;2xDN80;Victaulic;Copper;Al/Mg 2,5;AISI 304;Natural finish
38;P40AC-3R-56T-7420A-2,3PA-084C;94;56;3;84;2.3;0.15;7420;0.4;9;209;cross-flow both unmixed;40;35;30;0.5;149587;39.66078272;228480;226612;224732;221964;219298;216770;213998;210396;206158;199482;191864;226634;224398;221126;218490;215338;211996;206800;202578;200160;195330;50251.62889;49593.28571;48922.09714;47882.99587;46950.78742;46141.3622;45280.95098;44111.76517;42723.22447;40392.72233;37811.16974;49544.05778;48650.13556;47314.80386;46317.1505;45153.64015;43977.80718;42113.72213;40734.82043;40127.92494;38631.86786;104;59.67;13.46341771;14.92724683;164.892518;1336.014428;5%;2014/68/UE(PED) - Art. 4.3;16.45;0.4;2.3;0.15;Same;2xDN80;Victaulic;Copper;Al/Mg 2,5;AISI 304;Natural finish
39;P40AC-3R-56T-7420A-2,3PA-056C;94;56;3;56;2.3;0.15;7420;0.4;9;209;cross-flow both unmixed;42.5;35;30;0.5;149587;31.04395792;268002;266206;264906;262170;258558;255078;250654;247788;243596;237922;232180;265578;264138;260868;258194;254440;251358;247728;242376;239338;234784;51061.47676;50575.89714;50298.25203;49425.95088;48250.38559;47228.09121;45889.57689;45284.28698;44176.92525;42515.56202;40895.90083;50195.01112;49757.77605;48540.48538;47651.24949;46385.76725;45493.87368;44466.37255;42844.32554;42221.45876;41076.70632;52;59.82;6.723263604;9.951497888;82.34282618;1336.014428;5%;2014/68/UE(PED) - Art. 4.3;16.45;0.4;2.3;0.15;Opposite;1xDN100;Victaulic;Copper;Al/Mg 2,5;AISI 304;Natural finish
40;P40AC-3R-56T-7420A-2,3PA-042C;94;56;3;42;2.3;0.15;7420;0.4;9;209;cross-flow both unmixed;45;35;30;0.5;149587;26.61431052;306032;304164;300714;298392;295922;291552;287130;283328;278590;272428;266730;303388;301946;298298;295024;292062;287658;283530;280298;275162;269594;52016.09816;51611.97385;50485.23806;49933.64141;49418.58464;48194.83592;47062.55037;46280.02254;45178.02311;43559.71401;42196.4655;51129.35057;50758.56084;49470.3463;48436.22993;47636.06168;46359.13556;45315.53035;44735.60323;43506.4091;42208.5052;40;61.72;5.091515059;7.463623416;62.35806957;1336.014428;5%;2014/68/UE(PED) - Art. 4.3;16.45;0.4;2.3;0.15;Same;1xDN100;Victaulic;Copper;Al/Mg 2,5;AISI 304;Natural finish
41;P40AC-3R-56T-7420A-2,3PA-028C;94;56;3;28;2.3;0.15;7420;0.4;9;209;cross-flow both unmixed;45;35;30;0.5;149587;27.37011973;314730;313714;311764;308550;305534;302486;298054;293946;290150;284966;279738;313620;311278;307580;305306;303008;298702;296620;292982;288540;283984;54395.93847;54386.32315;53917.00433;52942.0649;52174.10932;51512.50213;50341.95;49416.4147;48705.20993;47445.20692;46230.79451;54193.7427;53400.2385;52046.26828;51419.34537;50885.16277;49597.89459;49393.53435;48640.24964;47658.13976;46733.24034;21;59.84;2.715;4.975748944;33.248;1336.014428;5%;2014/68/UE(PED) - Art. 4.3;16.45;0.4;2.3;0.15;Same;2xDN80;Victaulic;Copper;Al/Mg 2,5;AISI 304;Natural finish
42;P40AC-4R-56T-7420A-2,3PA-224C;94;56;4;224;2.3;0.15;7420;0.4;9;209;cross-flow both unmixed;38.5;35;30;0.5;149587;57.30143407;231204;228242;226004;224798;220596;214644;208204;191520;162080;123958;94852;228612;224410;222906;217270;201564;172988;140342;112240;108898;106570;59240.69118;57874.34947;56906.34023;56533.93973;54649.80489;52007.72901;49296.28275;42372.31321;31984.91062;21403.11841;14937.11825;58008.57822;55932.61107;55319.09526;52662.87731;45649.20004;34945.97964;25241.38451;18445.01317;17770.69125;17332.5757;160;59.29;20.77922078;39.80599155;254.4924408;1781.352571;5%;2014/68/UE(PED) - Art. 4.3;16.45;0.4;2.3;0.15;Opposite;2xDN80;Victaulic;Copper;Al/Mg 2,5;AISI 304;Natural finish
43;P40AC-4R-56T-7420A-2,3PA-112C;94;56;4;112;2.3;0.15;7420;0.4;9;209;cross-flow both unmixed;40;35;30;0.5;149587;47.30668992;272528;270462;268244;265576;262294;259492;254898;250648;246166;236304;220966;269828;268226;264878;260776;257754;252774;246712;238006;234310;229666;66988.29914;66172.75563;65252.28347;64142.7157;62788.60204;61818.08815;59969.54162;58419.94849;56836.17486;52541.32388;46118.62771;65689.21287;65019.75661;63383.95149;61430.13835;60182.37596;58023.77997;55483.91525;51882.75922;50784.55736;49290.97414;126;59.34;16.35674089;19.90299578;200.3283452;1781.352571;5%;2014/68/UE(PED) - Art. 4.3;16.45;0.4;2.3;0.15;Same;2xDN80;Victaulic;Copper;Al/Mg 2,5;AISI 304;Natural finish
44;P40AC-4R-56T-7420A-2,3PA-075C;94;56;4;75;2.3;0.15;7420;0.4;9;209;cross-flow both unmixed;42.5;35;30;0.5;149587;37.26607581;321714;318836;317900;314438;311430;306250;301858;298008;292070;285564;277228;319534;316608;312736;310576;305564;301970;297278;291132;285358;275604;69747.35255;68558.57925;68474.75315;67015.93023;65944.19139;63807.96151;62251.19565;61094.48852;58943.49484;56617.56173;53539.43389;68819.26854;67447.94661;65612.33735;64818.40473;62612.69442;61305.38475;59576.33427;57282.96531;55327.00577;51717.12866;68;59.06;8.84834793;13.32789896;108.3696875;1781.352571;5%;2014/68/UE(PED) - Art. 4.3;16.45;0.4;2.3;0.15;Opposite;1xDN100;Victaulic;Copper;Al/Mg 2,5;AISI 304;Natural finish
45;P40AC-4R-56T-7420A-2,3PA-056C;94;56;4;56;2.3;0.15;7420;0.4;9;209;cross-flow both unmixed;45;35;30;0.5;149587;32.04752786;368516;367228;363588;360294;356120;351724;347088;342536;336322;329516;323274;366338;363456;360760;357048;351966;347154;342192;337272;332406;326768;71227.84613;71138.88612;69662.99903;68510.52736;67033.66983;65615.88799;64234.40983;63035.37031;61083.55072;58945.05604;57193.06908;70417.03903;69184.92637;68128.0195;66640.34384;64599.96624;62899.51397;61309.58102;59912.77007;58696.35378;57247.56739;52;59.36;6.749263711;9.951497888;82.66126116;1781.352571;5%;2014/68/UE(PED) - Art. 4.3;16.45;0.4;2.3;0.15;Same;1xDN100;Victaulic;Copper;Al/Mg 2,5;AISI 304;Natural finish
46;P40AC-4R-56T-7420A-2,3PA-037C;94;56;4;37;2.3;0.15;7420;0.4;9;209;cross-flow both unmixed;45;35;30;0.5;149587;32.99447694;379400;378170;374534;372308;368234;364650;359884;356198;351378;344540;339226;377880;374374;372570;368772;365536;362472;358004;354122;348688;343356;75162.93245;75121.37583;73588.8403;73028.94892;71545.49798;70540.39083;69029.42533;68288.98797;67021.84473;64729.41903;63390.92372;74719.02429;73059.21508;72479.57943;70869.82865;69755.96427;68921.21739;67496.55423;66585.69103;65007.83446;63653.51321;28;60.67;3.594769381;6.575096819;44.02675363;1781.352571;5%;2014/68/UE(PED) - Art. 4.3;16.45;0.4;2.3;0.15;Same;2xDN80;Victaulic;Copper;Al/Mg 2,5;AISI 304;Natural finish
47;P40AC-5R-56T-7420A-2,3PA-280C;94;56;5;280;2.3;0.15;7420;0.4;9;209;cross-flow both unmixed;38.5;35;30;0.5;149587;64.46146385;260096;257298;254858;252492;247624;240604;226128;203062;163546;119580;108588;257796;253354;250484;241606;215798;175858;136556;114258;111554;107790;72848.30542;71306.4012;70011.31949;68833.35435;66190.22932;62469.96599;55130.5486;45011.75995;31284.61151;19831.19077;17473.67275;71550.56423;68874.19259;67289.34948;62264.20059;49542.90102;34596.21989;23584.50868;18475.67703;17951.46869;17212.8266;166;59.74;21.47709207;49.75748944;263.0395836;2226.690713;5%;2014/68/UE(PED) - Art. 4.3;16.45;0.4;2.3;0.15;Opposite;2xDN80;Victaulic;Copper;Al/Mg 2,5;AISI 304;Natural finish
48;P40AC-5R-56T-7420A-2,3PA-140C;94;56;5;140;2.3;0.15;7420;0.4;9;209;cross-flow both unmixed;40;35;30;0.5;149587;53.32415625;307192;305386;303274;300358;296416;293344;287458;282684;275428;261516;235842;305550;301362;298390;295402;290876;285152;274238;260400;255768;239868;83306.52205;82512.64617;81471.44893;79946.83982;77851.93726;76526.15849;73477.42307;71343.23656;67828.91174;60861.97082;49347.35712;82485.00405;79808.14969;78091.8783;76476.21628;73991.28526;70959.10132;65182.10636;58518.06367;56892.60788;50278.38935;142;60.39;18.27283066;24.87874472;223.7955564;2226.690713;5%;2014/68/UE(PED) - Art. 4.3;16.45;0.4;2.3;0.15;Same;2xDN80;Victaulic;Copper;Al/Mg 2,5;AISI 304;Natural finish
49;P40AC-5R-56T-7420A-2,3PA-094C;94;56;5;94;2.3;0.15;7420;0.4;9;209;cross-flow both unmixed;42.5;35;30;0.5;149587;42.33725777;365490;361910;360706;357034;353892;348344;344080;339276;331740;322954;311654;361994;359128;354868;353288;347502;343392;336304;329304;320932;308300;89648.16788;87673.87739;87424.82285;85495.29913;84127.23123;81283.48352;79525.9857;77571.12761;74025.44655;69957.74221;64781.54811;87538.0459;85891.55739;83356.35012;82804.54787;79584.49869;77696.88377;74171.7137;70990.0441;67300.63248;61725.28723;84;60.57;10.79320682;16.70430003;132.189247;2226.690713;5%;2014/68/UE(PED) - Art. 4.3;16.45;0.4;2.3;0.15;Opposite;1xDN100;Victaulic;Copper;Al/Mg 2,5;AISI 304;Natural finish
50;P40AC-5R-56T-7420A-2,3PA-070C;94;56;5;70;2.3;0.15;7420;0.4;9;209;cross-flow both unmixed;45;35;30;0.5;149587;36.52234543;419968;418126;414366;409724;406184;401496;395722;389722;383864;376576;366278;417108;413850;409516;406358;402076;396632;392042;385780;378750;367930;91894.0527;91460.86746;89581.78904;87265.69217;85965.67539;84119.34745;81786.47924;79526.21948;77531.13943;74790.4373;70459.96426;90422.31465;88647.17226;86243.7915;84836.68458;82899.36695;80471.47917;78846.94547;76436.93403;73821.82423;69326.99744;66;62.16;8.371213776;12.43937236;102.5260114;2226.690713;5%;2014/68/UE(PED) - Art. 4.3;16.45;0.4;2.3;0.15;Same;1xDN100;Victaulic;Copper;Al/Mg 2,5;AISI 304;Natural finish
51;P40AC-5R-56T-7420A-2,3PA-046C;94;56;5;46;2.3;0.15;7420;0.4;9;209;cross-flow both unmixed;45;35;30;0.5;149587;37.56592779;431968;430082;426098;424618;420346;414948;411086;405454;400936;393538;386552;429040;426936;423120;420250;416574;411406;407348;402880;397900;391864;97586.16521;97111.23217;94957.76159;94916.89321;92979.08533;90491.58173;89405.64631;87250.05617;86081.43093;83025.13285;80443.81105;95979.62551;94977.29098;92785.70193;91495.11475;89854.09694;87432.95262;86073.2431;84696.7356;83225.08163;81278.17498;35;61.23;4.472866279;8.174444693;54.78120035;2226.690713;5%;2014/68/UE(PED) - Art. 4.3;16.45;0.4;2.3;0.15;Same;1xDN100;Victaulic;Copper;Al/Mg 2,5;AISI 304;Natural finish
52;P40AC-5R-56T-7420A-2,3PA-035C;94;56;5;35;2.3;0.15;7420;0.4;9;209;cross-flow both unmixed;47.5;35;30;0.5;149587;33.91193902;486926;485720;481984;478130;474910;469596;464010;457660;451118;443708;437150;483594;480870;479612;474428;471218;466104;460392;456624;450874;444674;100221.1684;100533.3183;98792.41892;97203.55302;96420.26459;94381.20638;92472.70752;90284.3033;88187.99106;85664.73906;83921.27669;98440.22412;97103.58629;97007.6139;94212.29111;93191.60718;91136.20244;89023.03351;88603.13844;87120.5715;85621.87022;23;62.25;2.915131552;6.21968618;35.70292418;2226.690713;5%;2014/68/UE(PED) - Art. 4.3;16.45;0.4;2.3;0.15;Same;1xDN100;Victaulic;Copper;Al/Mg 2,5;AISI 304;Natural finish
53;P40AC-3R-56T-5550A-2,3PA-168C;94;56;3;168;2.3;0.15;5550;0.4;9;209;cross-flow both unmixed;38.5;35;30;0.5;111888;34.36983566;138678;136632;134870;132348;128600;121818;108928;92176;68864;55678;54170;136576;133720;129026;121920;100098;76124;60446;56608;54836;53404;31760.33204;31015.8947;30394.06223;29485.99818;28135.65968;25723.34696;21468.68013;16671.16007;11110.31259;8458.807325;8187.75507;30958.10486;29851.01501;28056.9582;25485.62556;18595.52621;12584.23678;9316.602113;8598.972951;8278.592484;8023.543769;159;59.29;20.64935065;29.85449366;252.9018631;999.3099832;5%;2014/68/UE(PED) - Art. 4.3;16.45;0.4;2.3;0.15;Opposite;1xDN100;Victaulic;Copper;Al/Mg 2,5;AISI 304;Natural finish
54;P40AC-3R-56T-5550A-2,3PA-084C;94;56;3;84;2.3;0.15;5550;0.4;9;209;cross-flow both unmixed;38.5;35;30;0.5;111888;37.92521529;153026;152318;151046;149162;147422;145246;143554;141090;138096;132776;126366;151012;149874;148810;146754;143446;141354;138504;134158;132528;130288;36597.30818;36418.60553;35964.19903;35250.79488;34645.81103;33886.38879;33387.21939;32580.12452;31577.59608;29641.43254;27377.55932;35762.92564;35335.71093;34952.44677;34143.88089;32830.47978;32103.89076;31104.73142;29554.30883;29150.9123;28536.84172;116;59.18;15.07892943;14.92724683;184.6784149;999.3099832;5%;2014/68/UE(PED) - Art. 4.3;16.45;0.4;2.3;0.15;Same;1xDN100;Victaulic;Copper;Al/Mg 2,5;AISI 304;Natural finish
55;P40AC-3R-56T-5550A-2,3PA-056C;94;56;3;56;2.3;0.15;5550;0.4;9;209;cross-flow both unmixed;42.5;35;30;0.5;111888;22.53830264;194574;192708;191126;189122;186956;183578;180052;177824;173342;166476;156118;192718;189968;188250;186008;182914;179416;174892;168856;159220;145368;36436.80343;35851.01424;35380.41856;34768.19157;34144.32898;33080.55682;32028.11774;31546.22987;30221.11638;28084.90869;24939.78143;35787.3713;34754.80804;34189.10045;33449.54384;32428.03413;31324.39036;29918.14535;28075.28055;25205.96613;21439.20518;60;59.47;7.780406377;9.951497888;95.29012807;999.3099832;5%;2014/68/UE(PED) - Art. 4.3;16.45;0.4;2.3;0.15;Opposite;1xDN100;Victaulic;Copper;Al/Mg 2,5;AISI 304;Natural finish
56;P40AC-3R-56T-5550A-2,3PA-042C;94;56;3;42;2.3;0.15;5550;0.4;9;209;cross-flow both unmixed;45;35;30;0.5;111888;19.33716882;222360;221120;218548;216626;213830;210358;207416;204208;199968;195104;188478;220752;217992;216246;213976;210314;206668;203824;200062;194198;185434;37179.19421;36946.94396;36125.49196;35638.61215;34859.11986;33886.87614;33206.86483;32481.80703;31404.27125;30142.73319;28310.99602;36690.03714;35705.21513;35183.83598;34503.41791;33346.66074;32294.63228;31630.56684;30701.70224;29104.93976;26671.57152;46;60.84;5.897435897;7.463623416;72.2285437;999.3099832;5%;2014/68/UE(PED) - Art. 4.3;16.45;0.4;2.3;0.15;Same;1xDN100;Victaulic;Copper;Al/Mg 2,5;AISI 304;Natural finish
57;P40AC-3R-56T-5550A-2,3PA-028C;94;56;3;28;2.3;0.15;5550;0.4;9;209;cross-flow both unmixed;45;35;30;0.5;111888;20.10274272;231156;229744;227706;225972;222966;220098;217308;214690;210918;207216;203122;229342;227058;225984;223906;220988;218258;215594;212588;208868;205756;39515.15891;39205.59286;38597.79274;38183.56882;37287.7982;36543.52067;35913.17668;35422.35564;34496.32441;33646.47806;32679.69822;38919.55628;38108.17179;37861.14811;37234.52649;36330.51918;35597.0883;34978.9973;34305.77554;33425.08797;32858.96691;26;66.52;3.187845226;4.975748944;39.04297092;999.3099832;5%;2014/68/UE(PED) - Art. 4.3;16.45;0.4;2.3;0.15;Same;1xDN100;Victaulic;Copper;Al/Mg 2,5;AISI 304;Natural finish
58;P40AC-4R-56T-5550A-2,3PA-224C;94;56;4;224;2.3;0.15;5550;0.4;9;209;cross-flow both unmixed;38.5;35;30;0.5;111888;40.90770194;165058;163054;161612;156978;150408;137076;118698;95246;72228;69634;67800;161988;157422;149880;138218;106038;79368;72754;71132;68736;66826;41099.37367;40243.66741;39674.70196;37575.16356;34737.25908;29428.72621;23195.82762;16669.97082;11447.56048;10954.36962;10622.9624;39658.40724;37534.86702;34209.28501;29569.82654;19277.35951;12831.36027;11466.04535;11166.27914;10716.4025;10372.01903;167;59.62;21.6282054;39.80599155;264.8903364;1332.413311;5%;2014/68/UE(PED) - Art. 4.3;16.45;0.4;2.3;0.15;Opposite;1xDN100;Victaulic;Copper;Al/Mg 2,5;AISI 304;Natural finish
59;P40AC-4R-56T-5550A-2,3PA-112C;94;56;4;112;2.3;0.15;5550;0.4;9;209;cross-flow both unmixed;40;35;30;0.5;111888;34.21521607;197114;195480;193550;190566;188114;185100;181652;177246;165572;143504;118856;195748;192572;189334;188130;181898;172706;157236;138768;137018;129112;47379.47437;46743.84995;45934.10291;44607.27279;43650.46227;42482.78186;41179.41649;39435.59865;34503.1044;26506.92316;19440.66779;46816.30009;45247.56375;43713.16852;43304.19756;40445.10691;36512.29337;30599.60297;24644.29393;24241.79285;22064.59802;140;60.37;18.01845078;19.90299578;220.6800518;1332.413311;5%;2014/68/UE(PED) - Art. 4.3;16.45;0.4;2.3;0.15;Same;1xDN100;Victaulic;Copper;Al/Mg 2,5;AISI 304;Natural finish
60;P40AC-4R-56T-5550A-2,3PA-075C;94;56;4;75;2.3;0.15;5550;0.4;9;209;cross-flow both unmixed;40;35;30;0.5;111888;35.7510212;205960;204670;203514;201186;199194;196278;192978;190286;187388;182420;176074;203944;202294;200786;198204;194968;192286;188584;184542;181404;176376;50995.81777;50531.13628;50131.44922;49087.47416;48323.19737;47116.0315;45789.13243;44877.67395;43914.23037;41901.62934;39190.62544;50011.68617;49238.98312;48574.86941;47353.48795;45862.68773;44774.6852;43249.55866;41664.50759;40624.29847;38758.83073;78;59.2;10.13756728;13.32789896;124.1593353;1332.413311;5%;2014/68/UE(PED) - Art. 4.3;16.45;0.4;2.3;0.15;Opposite;1xDN100;Victaulic;Copper;Al/Mg 2,5;AISI 304;Natural finish
61;P40AC-4R-56T-5550A-2,3PA-056C;94;56;4;56;2.3;0.15;5550;0.4;9;209;cross-flow both unmixed;45;35;30;0.5;111888;23.34741149;268476;267128;264432;261756;258696;254796;250572;246358;241252;234574;223458;267082;263686;261408;258166;254740;250168;245740;239502;231816;213466;50808.55318;50520.87148;49471.70764;48523.54039;47489.13943;46148.51573;44771.70128;43506.74984;41904.44704;39682.88458;35787.29108;50349.09756;48793.91178;47901.52096;46606.87303;45345.14119;43670.46344;42212.31153;40095.33966;37558.05152;31466.59323;62;62.52;7.841194107;9.951497888;96.03462268;1332.413311;5%;2014/68/UE(PED) - Art. 4.3;16.45;0.4;2.3;0.15;Same;1xDN100;Victaulic;Copper;Al/Mg 2,5;AISI 304;Natural finish
62;P40AC-4R-56T-5550A-2,3PA-037C;94;56;4;37;2.3;0.15;5550;0.4;9;209;cross-flow both unmixed;45;35;30;0.5;111888;24.23377596;278664;277120;275096;272376;269646;266630;263532;259062;255132;250014;245290;276916;274110;272032;270394;266150;263492;259760;257368;252938;248948;54351.5447;53946.17568;53236.93226;52217.18537;51319.38017;50394.78352;49549.04921;48066.61404;46968.60779;45327.74925;43971.5421;53668.02675;52365.69194;51537.00281;51039.81976;49250.62632;48450.65701;47227.41559;46818.3098;45493.4263;44504.57911;33;61.79;4.198119941;6.575096819;51.41625867;1332.413311;5%;2014/68/UE(PED) - Art. 4.3;16.45;0.4;2.3;0.15;Same;1xDN100;Victaulic;Copper;Al/Mg 2,5;AISI 304;Natural finish
63;P40AC-4R-56T-5550A-2,3PA-028C;94;56;4;28;2.3;0.15;5550;0.4;9;209;cross-flow both unmixed;45;35;30;0.5;111888;24.62646747;283184;282440;279698;277382;274998;272276;269402;265634;262436;257606;252856;282212;279576;278060;275958;273084;270442;267732;264628;260662;257136;55999.84959;56075.29327;54916.54502;54112.51084;53396.71726;52621.5273;51888.83007;50756.47032;50041.19015;48484.17267;47059.14823;55767.89971;54519.60348;53989.26954;53210.98354;52118.12004;51298.5355;50583.51088;49791.67505;48664.00009;47899.06646;21;60.16;2.707480771;4.975748944;33.15973189;1332.413311;5%;2014/68/UE(PED) - Art. 4.3;16.45;0.4;2.3;0.15;Same;1xDN100;Victaulic;Copper;Al/Mg 2,5;AISI 304;Natural finish
64;P40AC-5R-56T-5550A-2,3PA-280C;94;56;5;280;2.3;0.15;5550;0.4;9;209;cross-flow both unmixed;38.5;35;30;0.5;111888;46.07771152;185920;183884;181664;175234;162762;143746;119616;93328;84240;82000;79886;181804;174026;161472;143006;102960;88622;85904;83392;81372;79108;50153.82797;49124.44991;47992.5239;44538.25333;38430.19302;30604.04067;22642.789;15754.66059;13736.14373;13297.46404;12892.54304;47818.76849;43587.93854;37524.16898;30056.76855;17924.51371;14556.96265;13990.02022;13482.08546;13091.34483;12656.77346;170;59.25;22.08537328;49.75748944;270.4894766;1665.516639;5%;2014/68/UE(PED) - Art. 4.3;16.45;0.4;2.3;0.15;Opposite;1xDN100;Victaulic;Copper;Al/Mg 2,5;AISI 304;Natural finish
65;P40AC-5R-56T-5550A-2,3PA-140C;94;56;5;140;2.3;0.15;5550;0.4;9;209;cross-flow both unmixed;40;35;30;0.5;111888;38.77337107;223368;221488;219924;216434;214034;210116;205790;197768;179470;148606;117956;220872;218246;216060;211982;205492;188686;165920;142590;134190;136350;59005.51156;58074.35862;57350.73451;55410.58414;54308.63961;52363.66943;50318.7316;46357.25799;37957.23602;26825.56866;18571.59239;57550.73966;56026.05171;54846.63863;52567.21566;49068.6268;40822.03745;31839.07456;24540.47213;22361.91422;23122.63942;152;59.46;19.7120202;24.87874472;241.4219564;1665.516639;5%;2014/68/UE(PED) - Art. 4.3;16.45;0.4;2.3;0.15;Same;1xDN100;Victaulic;Copper;Al/Mg 2,5;AISI 304;Natural finish
66;P40AC-5R-56T-5550A-2,3PA-094C;94;56;5;94;2.3;0.15;5550;0.4;9;209;cross-flow both unmixed;45;35;30;0.5;111888;25.76979817;296320;294232;291082;287260;283626;279208;273230;264340;246298;214686;180806;292928;290214;286866;283096;275008;260940;237158;209730;172034;144424;61072.58245;60294.23963;58818.09859;57055.92843;55577.50947;53809.5299;51347.63835;47600.71571;40254.50533;29926.1663;21766.46193;59278.28909;57931.13556;56284.39367;54532.55466;50640.62135;44439.73636;35699.80446;27853.95312;19626.52998;14950.27164;96;60.18;12.37499811;16.70430003;151.5621547;1665.516639;5%;2014/68/UE(PED) - Art. 4.3;16.45;0.4;2.3;0.15;Opposite;1xDN100;Victaulic;Copper;Al/Mg 2,5;AISI 304;Natural finish
67;P40AC-5R-56T-5550A-2,3PA-070C;94;56;5;70;2.3;0.15;5550;0.4;9;209;cross-flow both unmixed;42.5;35;30;0.5;111888;31.6317828;273072;271154;269386;266784;263818;260102;257666;252648;248312;243276;233908;271386;268426;265770;263272;259982;255548;252586;246814;240868;232904;66896.08397;65980.67545;65157.72229;63822.67268;62369.1948;60554.15106;59747.24994;57351.63257;55535.96678;53396.85077;48932.20623;66001.84902;64172.804;62643.39134;61331.58766;59623.46348;57348.99081;56163.98633;53438.51519;50833.3953;47369.47773;74;59.62;9.583755685;12.43937236;117.3765562;1665.516639;5%;2014/68/UE(PED) - Art. 4.3;16.45;0.4;2.3;0.15;Same;1xDN100;Victaulic;Copper;Al/Mg 2,5;AISI 304;Natural finish
68;P40AC-5R-56T-5550A-2,3PA-046C;94;56;5;46;2.3;0.15;5550;0.4;9;209;cross-flow both unmixed;45;35;30;0.5;111888;27.58376186;317186;316306;314466;310140;307390;303314;300332;296282;291010;285860;280576;315370;313266;310612;307806;304990;300514;295982;292488;288644;283248;70154.00243;70205.77849;69494.60201;67076.25743;66012.18857;64206.94855;63346.52551;61904.99902;59784.64962;57877.43789;56005.22521;69272.87259;68156.06363;66722.61282;65328.02671;64102.20699;61963.78134;60022.43581;58934.71809;57796.95719;55869.05272;40;59.07;5.204469957;8.174444693;63.74147888;1665.516639;5%;2014/68/UE(PED) - Art. 4.3;16.45;0.4;2.3;0.15;Same;1xDN100;Victaulic;Copper;Al/Mg 2,5;AISI 304;Natural finish
69;P40AC-5R-56T-5550A-2,3PA-035C;94;56;5;35;2.3;0.15;5550;0.4;9;209;cross-flow both unmixed;45;35;30;0.5;111888;28.04291775;322464;321248;318378;316806;312998;310300;306208;303152;298046;294092;288762;320382;319350;316762;314428;310316;308074;304126;300976;297232;293742;72679.66726;72477.82239;70953.63455;70565.62758;68665.70396;67807.55653;66117.43462;65345.98608;63245.99113;62078.91877;60076.44846;71565.8911;71232.11431;69783.79581;68674.25938;66468.38099;65804.91041;64152.58641;63255.7769;62142.94471;61377.41688;26;59.05;3.383478312;6.21968618;41.4389771;1665.516639;5%;2014/68/UE(PED) - Art. 4.3;16.45;0.4;2.3;0.15;Same;1xDN100;Victaulic;Copper;Al/Mg 2,5;AISI 304;Natural finish
70;P30AC-4R-32T-11040-2PA-128C;2;32;4;128;2;0.11;11040;0.35;1;108;cross-flow both unmixed;40;35.25;30;0.5;90000;29.31694548;160445.5;159657;159058.5;157396;155021;152598.5;149644;146442.5;137066;116926;96425;158621.5;157472;156740.5;154574.5;150784;142566.5;128098;113515.5;104063;101023;;;;;;;;;;;;;;;;;;;;;;56;62.51;7.082935347;18.61192002;86.7478874;979.34;5%;2014/68/UE(PED) - Art. 4.3;12.6;0.35;2;0.11;Opposite;1xDN80;Victaulic;Copper;Hidrophillic;AISI 304;Natural finish
71;P30AC-3R-32T-11040-2PA-96C;2;32;3;96;2;0.11;11040;0.35;1;108;cross-flow both unmixed;40;36.20;30;0.5;92500;34.92344679;152902.5;151857.5;151325.5;150147.5;148162;146081.5;144846.5;143374;140058.5;137208.5;132867;151145;149767.5;148608.5;147772.5;146100.5;143621;141132;139013.5;135973.5;135802.5;;;;;;;;;;;;;;;;;;;;;;45;59.79;5.819668366;13.95894002;71.27608984;734.5;5%;2014/68/UE(PED) - Art. 4.3;12.6;0.35;2;0.11;Opposite;1xDN80;Victaulic;Copper;Hidrophillic;AISI 304;Natural finish
72;P30AC-4R-32T-11040-2PA-64C;2;32;4;64;2;0.11;11040;0.35;1;206;cross-flow both unmixed;40;35.25;30;0.5;90000;30.79465896;168530;168330.5;166677.5;164882;164454.5;162127;162022.5;159524;156949.5;154755;152665;166943.5;166231;165338;164521;162849;160958.5;158925.5;157443.5;155942.5;154460.5;;;;;;;;;;;;;;;;;;;;;;30;60.68;3.851221245;9.305960011;47.16763468;979.34;5%;2014/68/UE(PED) - Art. 4.3;12.6;0.35;2;0.11;Same;2xDN50;Victaulic;Copper;Hidrophillic;AISI 304;Natural finish
73;P30AC-3R-32T-11040-2PA-48C;2;32;3;48;2;0.11;11040;0.35;1;206;cross-flow both unmixed;40;35.25;30;0.5;92500;26.79590429;146651.5;146452;145236;143564;143127;141816;140343.5;138111;137408;134757.5;133095;145473.5;144780;143763.5;142994;141331.5;139517;138149;136629;136078;134092.5;;;;;;;;;;;;;;;;;;;;;;24;62.2;3.043098776;6.979470008;37.27019619;734.5;5%;2014/68/UE(PED) - Art. 4.3;12.6;0.35;2;0.11;Same;2xDN50;Victaulic;Copper;Hidrophillic;AISI 304;Natural finish
74;P40AC-3R-24T-11040A-2,0PA-36C;94;24;3;36;2;0.11;11040;0.35;1;208;cross-flow both unmixed;40;35.25;30;0.5;90000;27.65958922;151373;150594;149720;148561;146490;144770.5;143412;141084.5;138586;136543.5;133399;150527.5;149045.5;147848.5;147088.5;144305;142034.5;141255.5;139004;137455.5;135574.5;;;;;;;;;;;;;;;;;;;;;;40;60.38;5.147702466;5.234602506;63.04622194;968.98;5%;2014/68/UE(PED) - Art. 4.3;12.6;0.35;2;0.11;Same;2xDN80;Victaulic;Copper;Hidrophillic;AISI 304;Natural finish
75;P30AC-4R-32T-9940-2PA-128C;2;32;4;128;2;0.11;9940;0.35;1;108;cross-flow both unmixed;40;35.25;30;0.5;81000;26.08674725;142775.5;142186.5;141464.5;139925.5;138130;136182.5;131907.5;126464;112432.5;92340;73254.5;141388.5;139897;139080;136429.5;131812.5;119158.5;102780.5;86754;86735;85348;;;;;;;;;;;;;;;;;;;;;;58;62.13;7.358297062;18.61192002;90.12036589;881.76;5%;2014/68/UE(PED) - Art. 4.3;12.6;0.35;2;0.11;Opposite;1xDN80;Victaulic;Copper;Hidrophillic;AISI 304;Natural finish
76;P30AC-3R-32T-9940-2PA-96C;2;32;3;96;2;0.11;9940;0.35;1;108;cross-flow both unmixed;40;36.20;30;0.5;83250;31.20049889;136600.5;135517.5;134928.5;133788.5;132411;129903;128592;127138.5;125172;120602.5;114133;134700.5;133503.5;133608;132021.5;129627.5;127262;125134;121391;121410;110456.5;;;;;;;;;;;;;;;;;;;;;;47;59.47;6.094651662;13.95894002;74.64393366;661.32;5%;2014/68/UE(PED) - Art. 4.3;12.6;0.35;2;0.11;Opposite;1xDN80;Victaulic;Copper;Hidrophillic;AISI 304;Natural finish
77;P30AC-4R-32T-9940-2PA-64C;2;32;4;64;2;0.11;9940;0.35;1;206;cross-flow both unmixed;40;35.25;30;0.5;81000;27.56107641;150841;150166.5;149026.5;147259.5;146974.5;145910.5;144020;142110.5;141141.5;138329.5;135261;149511;148570.5;147981.5;146547;145188.5;143013;141388.5;140571.5;139099;138006.5;;;;;;;;;;;;;;;;;;;;;;32;62.74;4.039966102;9.305960011;49.47927764;881.76;5%;2014/68/UE(PED) - Art. 4.3;12.6;0.35;2;0.11;Same;2xDN50;Victaulic;Copper;Hidrophillic;AISI 304;Natural finish
78;P30AC-3R-32T-9940-2PA-48C;2;32;3;48;2;0.11;9940;0.35;1;206;cross-flow both unmixed;40;35.25;30;0.5;83250;24.01438772;131423;130767.5;130596.5;129086;127708.5;127015;124953.5;124060.5;121951.5;119491;118332;130159.5;129171.5;128430.5;127309.5;126426;124849;124184;122588;120745;118750;;;;;;;;;;;;;;;;;;;;;;25;61.1;3.198301513;6.979470008;39.17103375;661.32;5%;2014/68/UE(PED) - Art. 4.3;12.6;0.35;2;0.11;Same;2xDN50;Victaulic;Copper;Hidrophillic;AISI 304;Natural finish
79;P40AC-3R-24T-9940A-2,0PA-36C;94;24;3;36;2;0.11;9940;0.35;1;208;cross-flow both unmixed;40;35.25;30;0.5;81000;24.65660263;134938;134235;133617.5;132401.5;130378;128706;127471;126055.5;123243.5;120412.5;118579;133456;132886;132173.5;130834;128060;126644.5;124896.5;123015.5;121752;119253.5;;;;;;;;;;;;;;;;;;;;;;42;59.97;5.423532737;5.234602506;66.42443905;872.43;5%;2014/68/UE(PED) - Art. 4.3;12.6;0.35;2;0.11;Same;2xDN80;Victaulic;Copper;Hidrophillic;AISI 304;Natural finish
80;P30AC-4R-32T-8840-2PA-128C;2;32;4;128;2;0.11;8840;0.35;1;108;cross-flow both unmixed;40;35.25;30;0.5;72000;23.04791653;126131.5;124450;123671;121970.5;120992;118360.5;113971.5;104082;89138.5;68894;56050;124915.5;123091.5;121533.5;118949.5;110437.5;94506;77976;61997;60144.5;58995;;;;;;;;;;;;;;;;;;;;;;60;61.32;7.662141664;18.61192002;93.84168706;784.18;5%;2014/68/UE(PED) - Art. 4.3;12.6;0.35;2;0.11;Opposite;1xDN80;Victaulic;Copper;Hidrophillic;AISI 304;Natural finish
81;P30AC-3R-32T-8840-2PA-96C;2;32;3;96;2;0.11;8840;0.35;1;108;cross-flow both unmixed;40;35.25;30;0.5;74000;19.90975527;108965;108119.5;107293;105782.5;104262.5;102381.5;100643;96235;85794.5;70005.5;54530;107806;106875;105165;104433.5;99902;90677.5;78128;66528.5;58786;64543;;;;;;;;;;;;;;;;;;;;;;50;60.72;6.416587529;13.95894002;78.58682668;588.14;5%;2014/68/UE(PED) - Art. 4.3;12.6;0.35;2;0.11;Opposite;1xDN80;Victaulic;Copper;Hidrophillic;AISI 304;Natural finish
82;P30AC-4R-32T-8840-2PA-64C;2;32;4;64;2;0.11;8840;0.35;1;206;cross-flow both unmixed;40;35.25;30;0.5;72000;24.24736317;132705.5;133095;131879;130492;129494.5;127480.5;126511.5;124915.5;123671;120792.5;118598;132078.5;131356.5;130226;129067;127423.5;125770.5;125200.5;122958.5;121391;120194;;;;;;;;;;;;;;;;;;;;;;34;63.98;4.250664218;9.305960011;52.05979201;784.18;5%;2014/68/UE(PED) - Art. 4.3;12.6;0.35;2;0.11;Same;2xDN50;Victaulic;Copper;Hidrophillic;AISI 304;Natural finish
83;P30AC-3R-32T-8840-2PA-48C;2;32;3;48;2;0.11;8840;0.35;1;206;cross-flow both unmixed;40;35.25;30;0.5;74000;21.20691434;116061.5;115358.5;114978.5;113591.5;112185.5;111710.5;110257;108699;107663.5;105459.5;103844.5;115510.5;114446.5;113629.5;112803;111682;110190.5;108613.5;107226.5;105915.5;105326.5;;;;;;;;;;;;;;;;;;;;;;26;59.33;3.375484933;6.979470008;41.3410786;588.14;5%;2014/68/UE(PED) - Art. 4.3;12.6;0.35;2;0.11;Same;2xDN50;Victaulic;Copper;Hidrophillic;AISI 304;Natural finish
84;P40AC-3R-24T-8840A-2,0PA-36C;94;24;3;36;2;0.11;8840;0.35;1;208;cross-flow both unmixed;40;35.25;30;0.5;72000;21.69244687;118721.5;118256;117391.5;116194.5;115016.5;113316;111292.5;109725;108110;105839.5;103740;118066;117249;115909.5;114456;112898;110941;108661;107977;106371.5;103702;;;;;;;;;;;;;;;;;;;;;;46;63.64;5.766240421;5.234602506;70.62173383;775.89;5%;2014/68/UE(PED) - Art. 4.3;12.6;0.35;2;0.11;Same;2xDN80;Victaulic;Copper;Hidrophillic;AISI 304;Natural finish
85;P30AC-4R-32T-7740-2PA-128C;2;32;4;128;2;0.11;7740;0.35;1;108;cross-flow both unmixed;40;35.25;30;0.5;63000;19.85978941;108689.5;107169.5;106181.5;104918;102799.5;98876;91399.5;79401;63393.5;49846.5;48592.5;107340.5;105459.5;103056;99959;85889.5;69312;52079;50768;49191;48003.5;;;;;;;;;;;;;;;;;;;;;;62;60.07;7.999500567;18.61192002;97.97347293;686.6;5%;2014/68/UE(PED) - Art. 4.3;12.6;0.35;2;0.11;Opposite;1xDN80;Victaulic;Copper;Hidrophillic;AISI 304;Natural finish
86;P30AC-3R-32T-7740-2PA-96C;2;32;3;96;2;0.11;7740;0.35;1;108;cross-flow both unmixed;40;35.25;30;0.5;64750;17.18429626;94050;92891;91950.5;91114.5;89974.5;87286;83419.5;77102;63973;48972.5;39719.5;93157;91437.5;90677.5;88882;81016;69084;56202;45267.5;41543.5;40755;;;;;;;;;;;;;;;;;;;;;;52;59.03;6.768102886;13.95894002;82.89199298;514.95;5%;2014/68/UE(PED) - Art. 4.3;12.6;0.35;2;0.11;Opposite;1xDN80;Victaulic;Copper;Hidrophillic;AISI 304;Natural finish
87;P30AC-4R-32T-7740-2PA-64C;2;32;4;64;2;0.11;7740;0.35;1;206;cross-flow both unmixed;40;35.25;30;0.5;63000;21.16123016;115814.5;115092.5;114465.5;113021.5;112470.5;111131;109630;108081.5;106504.5;103521.5;98876;115073.5;113810;113040.5;112138;110941;109088.5;107891.5;105136.5;101640.5;99370;;;;;;;;;;;;;;;;;;;;;;36;64.32;4.488792012;9.305960011;54.97624996;686.6;5%;2014/68/UE(PED) - Art. 4.3;12.6;0.35;2;0.11;Same;2xDN50;Victaulic;Copper;Hidrophillic;AISI 304;Natural finish
88;P30AC-3R-32T-7740-2PA-48C;2;32;3;48;2;0.11;7740;0.35;1;206;cross-flow both unmixed;40;35.25;30;0.5;64750;18.37844163;100586;100111;99607.5;98990;97669.5;96339.5;95703;93489.5;92340;90934;88046;100101.5;99066;98230;97869;96339.5;94724.5;93689;92378;91171.5;89832;;;;;;;;;;;;;;;;;;;;;;28;60.68;3.594473162;6.979470008;44.0231257;514.95;5%;2014/68/UE(PED) - Art. 4.3;12.6;0.35;2;0.11;Same;2xDN50;Victaulic;Copper;Hidrophillic;AISI 304;Natural finish
89;P40AC-3R-24T-7740A-2,0PA-36C;94;24;3;36;2;0.11;7740;0.35;1;207;cross-flow both unmixed;40;35.25;30;0.5;63000;18.79861;102885;102011;101403;99940;98876;97603;96491.5;95019;93081;90772.5;87447.5;102315;101080;99588.5;98277.5;97071;95275.5;93565.5;92264;90430.5;89319;;;;;;;;;;;;;;;;;;;;;;46;60.08;5.934619369;5.234602506;72.68394636;679.34;5%;2014/68/UE(PED) - Art. 4.3;12.6;0.35;2;0.11;Same;2xDN65;Victaulic;Copper;Hidrophillic;AISI 304;Natural finish
90;P30AC-4R-32T-6640-2PA-128C;2;32;4;128;2;0.11;6640;0.35;1;108;cross-flow both unmixed;40;35.25;30;0.5;54000;16.62065328;90962.5;89965;88616;87153;83001.5;76019;65436;53817.5;43472;42341.5;41638.5;89737;87039;83410;75895.5;60116;45609.5;44555;43158.5;42151.5;40755;;;;;;;;;;;;;;;;;;;;;;66;61.78;8.396919381;18.61192002;102.8408395;589.02;5%;2014/68/UE(PED) - Art. 4.3;12.6;0.35;2;0.11;Opposite;1xDN80;Victaulic;Copper;Hidrophillic;AISI 304;Natural finish
91;P30AC-3R-32T-6640-2PA-96C;2;32;3;96;2;0.11;6640;0.35;1;108;cross-flow both unmixed;40;35.25;30;0.5;55500;14.42308119;78935.5;77862;76988;76190;74204.5;70395;63802;54444.5;42655;34703.5;33763;78004.5;76997.5;74717.5;71003;59375;46930;36299.5;35387.5;34238;33088.5;;;;;;;;;;;;;;;;;;;;;;56;60.52;7.198442954;13.95894002;88.1625609;441.77;5%;2014/68/UE(PED) - Art. 4.3;12.6;0.35;2;0.11;Opposite;1xDN80;Victaulic;Copper;Hidrophillic;AISI 304;Natural finish
92;P30AC-4R-32T-6640-2PA-32C;2;32;4;32;2;0.11;6640;0.35;1;206;cross-flow both unmixed;40;35.25;30;0.5;54000;18.63386281;101982.5;101954;100681;100234.5;99427;98743;97688.5;96605.5;95513;94192.5;93014.5;101441;101127.5;100462.5;100044.5;99066;98268;96890.5;96140;95380;94734;;;;;;;;;;;;;;;;;;;;;;16;71.25;1.895516409;4.652980006;23.21524;589.02;5%;2014/68/UE(PED) - Art. 4.3;12.6;0.35;2;0.11;Same;2xDN50;Victaulic;Copper;Hidrophillic;AISI 304;Natural finish
93;P30AC-3R-32T-6640-2PA-24C;2;32;3;24;2;0.11;6640;0.35;1;206;cross-flow both unmixed;40;34.30;30;0.5;55500;12.3949153;81405.5;81044.5;80227.5;79952;78992.5;78061.5;77178;76171;75031;73824.5;72770;80531.5;80598;79439;78764.5;78365.5;77235;76266;75420.5;74774.5;74128.5;;;;;;;;;;;;;;;;;;;;;;11;60.96;1.408867679;3.489735004;17.25503464;441.77;5%;2014/68/UE(PED) - Art. 4.3;12.6;0.35;2;0.11;Same;2xDN50;Victaulic;Copper;Hidrophillic;AISI 304;Natural finish
94;P40AC-3R-24T-6640A-2,0PA-18C;94;24;3;18;2;0.11;6640;0.35;1;207;cross-flow both unmixed;40;35.25;30;0.5;54000;16.83552649;92140.5;91551.5;91390;90183.5;89100.5;88777.5;87257.5;86364.5;85604.5;83790;82203.5;91599;90554;90345;89461.5;88682.5;87428.5;86336;85253;84170;83239;;;;;;;;;;;;;;;;;;;;;;18;59.97;2.324371173;2.617301253;28.46761674;582.79;5%;2014/68/UE(PED) - Art. 4.3;12.6;0.35;2;0.11;Same;2xDN65;Victaulic;Copper;Hidrophillic;AISI 304;Natural finish
95;P30AC-4R-32T-5540-2PA-128C;2;32;4;128;2;0.11;5540;0.35;1;108;cross-flow both unmixed;40;35.25;30;0.5;45000;13.42224824;73454;72779.5;70670.5;65882.5;59042.5;50416.5;38703;36793.5;35891;35045.5;34105;70870;65920.5;58995;50483;38522.5;37762.5;36860;35634.5;34874.5;33687;;;;;;;;;;;;;;;;;;;;;;68;59.36;8.825960238;18.61192002;108.0954954;491.44;5%;2014/68/UE(PED) - Art. 4.3;12.6;0.35;2;0.11;Opposite;1xDN80;Victaulic;Copper;Hidrophillic;AISI 304;Natural finish
96;P30AC-3R-32T-5540-2PA-96C;2;32;3;96;2;0.11;5540;0.35;1;108;cross-flow both unmixed;40;35.25;30;0.5;46250;11.65932026;63811.5;63137;62177.5;60154;56278;49666;41705;32528;29421.5;28614;27873;62310.5;60391.5;55955;50369;37686.5;30951;29963;29203;28291;27540.5;;;;;;;;;;;;;;;;;;;;;;60;60.74;7.698637248;13.95894002;94.28866486;368.58;5%;2014/68/UE(PED) - Art. 4.3;12.6;0.35;2;0.11;Opposite;1xDN80;Victaulic;Copper;Hidrophillic;AISI 304;Natural finish
97;P30AC-4R-32T-5540-2PA-32C;2;32;4;32;2;0.11;5540;0.35;1;206;cross-flow both unmixed;40;35.25;30;0.5;45000;15.4178159;84379;84227;83400.5;82669;82517;81158.5;81120.5;80085;78698;77501;76142.5;83742.5;83191.5;82859;82355.5;81434;80740.5;79752.5;78935.5;78147;77387;;;;;;;;;;;;;;;;;;;;;;16;60.47;2.057548108;4.652980006;25.19971493;491.44;5%;2014/68/UE(PED) - Art. 4.3;12.6;0.35;2;0.11;Same;2xDN50;Victaulic;Copper;Hidrophillic;AISI 304;Natural finish
98;P30AC-3R-32T-5540-2PA-24C;2;32;3;24;2;0.11;5540;0.35;1;206;cross-flow both unmixed;40;35.25;30;0.5;46250;13.42963926;73501.5;73311.5;72646.5;71896;71687;71022;70309.5;69283.5;68865.5;67554.5;66623.5;72931.5;72485;72000.5;71516;70765.5;69910.5;69093.5;68476;68219.5;67269.5;;;;;;;;;;;;;;;;;;;;;;12;60.27;1.545719374;3.489735004;18.93111876;368.58;5%;2014/68/UE(PED) - Art. 4.3;12.6;0.35;2;0.11;Same;2xDN50;Victaulic;Copper;Hidrophillic;AISI 304;Natural finish
99;P40AC-3R-24T-5540A-2,0PA-18C;94;24;3;18;2;0.11;5540;0.35;1;207;cross-flow both unmixed;40;35.25;30;0.5;45000;13.88231163;75971.5;75401.5;74993;74518;73406.5;72447;71877;70803.5;69397.5;68504.5;66813.5;75382.5;75021.5;74432.5;73701;72323.5;71117;70870;69720.5;69017.5;68001;;;;;;;;;;;;;;;;;;;;;;20;61.47;2.550929106;2.617301253;31.2423734;486.24;5%;2014/68/UE(PED) - Art. 4.3;12.6;0.35;2;0.11;Same;2xDN65;Victaulic;Copper;Hidrophillic;AISI 304;Natural finish
100;P30AC-4R-32T-4440-2PA-128C;2;32;4;128;2;0.11;4440;0.35;1;108;cross-flow both unmixed;40;37.15;30;0.5;36000;21.24175068;69749;69378.5;68751.5;67868;66908.5;65626;62291.5;56914.5;47063;33725;32993.5;69055.5;68485.5;67412;66101;59869;50853.5;40945;34390;33468.5;32509;;;;;;;;;;;;;;;;;;;;;;72;59.49;9.334918099;18.61192002;114.3289307;393.86;5%;2014/68/UE(PED) - Art. 4.3;12.6;0.35;2;0.11;Opposite;1xDN80;Victaulic;Copper;Hidrophillic;AISI 304;Natural finish
101;P30AC-3R-32T-4440-2PA-96C;2;32;3;96;2;0.11;4440;0.35;1;108;cross-flow both unmixed;40;37.15;30;0.5;37000;18.6932471;61389;60904.5;60306;59574.5;58653;57703;56601;53599;47804;37895.5;28053.5;60420;60144.5;59242;58254;55936;50416.5;42911.5;36147.5;32955.5;32480.5;;;;;;;;;;;;;;;;;;;;;;64;59.54;8.294220157;13.95894002;101.583036;295.4;5%;2014/68/UE(PED) - Art. 4.3;12.6;0.35;2;0.11;Opposite;1xDN80;Victaulic;Copper;Hidrophillic;AISI 304;Natural finish
102;P30AC-4R-32T-4440-2PA-64C;2;32;4;64;2;0.11;4440;0.35;1;106;cross-flow both unmixed;40;35.25;30;0.5;36000;11.49017102;62880.5;62548;62215.5;61332;60458;58957;57532;53561;46227;36850.5;31274;62415;61911.5;60743;59964;56145;49314.5;41524.5;34285.5;32461.5;31787;;;;;;;;;;;;;;;;;;;;;;34;63.41;4.269726338;9.305960011;52.29325435;393.86;5%;2014/68/UE(PED) - Art. 4.3;12.6;0.35;2;0.11;Same;1xDN50;Victaulic;Copper;Hidrophillic;AISI 304;Natural finish
103;P30AC-4R-32T-4440-2PA-32C;2;32;4;32;2;0.11;4440;0.35;1;106;cross-flow both unmixed;40;35.25;30;0.5;36000;12.17913557;66652;66633;65977.5;65189;64856.5;64106;63374.5;63013.5;61949.5;60524.5;59213.5;66053.5;65702;65151;64581;63783;63422;62434;61892.5;61132.5;59641;;;;;;;;;;;;;;;;;;;;;;18;63.76;2.254230652;4.652980006;27.60857431;393.86;5%;2014/68/UE(PED) - Art. 4.3;12.6;0.35;2;0.11;Same;1xDN50;Victaulic;Copper;Hidrophillic;AISI 304;Natural finish
104;P30AC-3R-32T-4440-2PA-24C;2;32;3;24;2;0.11;4440;0.35;1;106;cross-flow both unmixed;40;35.25;30;0.5;37000;10.62090402;58130.5;57864.5;57646;56924;56259;56031;55347;54587;54007.5;52924.5;51689.5;57912;57104.5;57019;56544;55993;55204.5;54435;53741.5;53095.5;52962.5;;;;;;;;;;;;;;;;;;;;;;14;64.05;1.749316807;3.489735004;21.42466787;295.4;5%;2014/68/UE(PED) - Art. 4.3;12.6;0.35;2;0.11;Same;1xDN50;Victaulic;Copper;Hidrophillic;AISI 304;Natural finish
105;P30AC-3R-32T-4440-2PA-16C;2;32;3;16;2;0.11;4440;0.35;1;106;cross-flow both unmixed;40;34.30;30;0.5;37000;8.236593711;54093;54150;53675;53095.5;52820;51936.5;51689.5;50587.5;50264.5;49115;48279;53912.5;53456.5;53181;52734.5;51993.5;51395;51072;50464;49922.5;49542.5;;;;;;;;;;;;;;;;;;;;;;8;70.07;0.955705154;2.326490003;11.70494986;295.4;5%;2014/68/UE(PED) - Art. 4.3;12.6;0.35;2;0.11;Same;1xDN50;Victaulic;Copper;Hidrophillic;AISI 304;Natural finish
106;P30AC-4R-32T-3340-2PA-128C;2;32;4;128;2;0.11;3340;0.35;1;108;cross-flow both unmixed;40;38.10;30;0.5;27000;25.46929334;55755.5;55318.5;55014.5;54378;53941;53162;52193;50274;45942;38598.5;30951;55128.5;54558.5;53903;53304.5;51737;48203;42455.5;36812.5;34447;34076.5;;;;;;;;;;;;;;;;;;;;;;77;60.14;9.929080078;14.5;121.605899;296.29;5%;2014/68/UE(PED) - Art. 4.3;12.6;0.35;2;0.11;Opposite;1xDN80;Victaulic;Copper;Hidrophillic;AISI 304;Natural finish
107;P30AC-3R-32T-3340-2PA-96C;2;32;3;96;2;0.11;3340;0.35;1;108;cross-flow both unmixed;40;38.10;30;0.5;27750;22.51679241;49295.5;49001;48649.5;48098.5;47509.5;46968;46255.5;45381.5;43168;38788.5;32727.5;48773;48184;47604.5;47006;46284;44840;41838;37468;37610.5;32537.5;;;;;;;;;;;;;;;;;;;;;;70;59.93;9.042237319;12;110.7443378;222.21;5%;2014/68/UE(PED) - Art. 4.3;12.6;0.35;2;0.11;Opposite;1xDN80;Victaulic;Copper;Hidrophillic;AISI 304;Natural finish
108;P30AC-4R-32T-3340-2PA-64C;2;32;4;64;2;0.11;3340;0.35;1;106;cross-flow both unmixed;40;35.25;30;0.5;27000;8.359652044;45752;45248.5;44678.5;43785.5;42227.5;39197;35017;29554.5;24339;23797.5;23218;45201;44184.5;42275;39615;32281;25422;24709.5;24225;23531.5;23028;;;;;;;;;;;;;;;;;;;;;;36;64.07;4.497541079;9.305960011;55.08340371;296.29;5%;2014/68/UE(PED) - Art. 4.3;12.6;0.35;2;0.11;Same;1xDN50;Victaulic;Copper;Hidrophillic;AISI 304;Natural finish
109;P30AC-4R-32T-3340-2PA-32C;2;32;4;32;2;0.11;3340;0.35;1;106;cross-flow both unmixed;40;35.25;30;0.5;27000;8.982201906;49153;48792;48754;47984.5;47699.5;46968;46626;45752;44802;42892.5;39729;48621;48355;47851.5;47680.5;46759;46255.5;44944.5;42959;42246.5;39482;;;;;;;;;;;;;;;;;;;;;;20;61.09;2.558850618;4.652980006;31.33939171;296.29;5%;2014/68/UE(PED) - Art. 4.3;12.6;0.35;2;0.11;Same;1xDN50;Victaulic;Copper;Hidrophillic;AISI 304;Natural finish
110;P30AC-3R-32T-3340-2PA-16C;2;32;3;16;2;0.11;3340;0.35;1;106;cross-flow both unmixed;40;35.25;30;0.5;27750;8.047301302;44042;43757;43624;43139.5;42664.5;42560;41762;41581.5;40812;40080.5;39729;43804.5;43225;42902;42607.5;42379.5;41847.5;41553;41087.5;40441.5;40175.5;;;;;;;;;;;;;;;;;;;;;;9;66.29;1.105397556;2.326490003;13.3836968;222.21;5%;2014/68/UE(PED) - Art. 4.3;12.6;0.35;2;0.11;Same;1xDN50;Victaulic;Copper;Hidrophillic;AISI 304;Natural finish
111;P30AC-4R-32T-2240-2PA-128C;2;32;4;128;2;0.11;2240;0.35;1;108;cross-flow both unmixed;40;38.10;30;0.5;18000;16.30068129;35682;35321;35017;34228.5;33183.5;30922.5;27388.5;23018.5;19209;18819.5;18287.5;35036;34504;33364;31293;25032.5;19893;19418;18924;18458.5;17945.5;;;;;;;;;;;;;;;;;;;;;;82;59.55;10.62607727;18.61192002;130.1423363;198.71;5%;2014/68/UE(PED) - Art. 4.3;12.6;0.35;2;0.11;Opposite;1xDN80;Victaulic;Copper;Hidrophillic;AISI 304;Natural finish
112;P30AC-3R-32T-2240-2PA-96C;2;32;3;96;2;0.11;2240;0.35;1;108;cross-flow both unmixed;40;38.10;30;0.5;18500;14.38786024;31492.5;31188.5;30856;30371.5;29678;28690;26799.5;23607.5;18753;15428;15086;30979.5;30409.5;29972.5;29079.5;25317.5;20539;16093;15779.5;15371;14943.5;;;;;;;;;;;;;;;;;;;;;;78;60.87;9.997535428;13.95894002;122.4443024;149.03;5%;2014/68/UE(PED) - Art. 4.3;12.6;0.35;2;0.11;Opposite;1xDN80;Victaulic;Copper;Hidrophillic;AISI 304;Natural finish
113;P30AC-3R-32T-2240-2PA-16C;2;32;3;16;2;0.11;2240;0.35;1;106;cross-flow both unmixed;40;35.25;30;0.5;18500;5.213664348;28538;28414.5;28310;28044;27673.5;27265;27018;26695;26134.5;25460;24624;28253;28110.5;27996.5;27702;27160.5;26866;26429;25897;25564.5;24187;;;;;;;;;;;;;;;;;;;;;;12;77.54;1.362756768;2.326490003;16.69029363;149.03;5%;2014/68/UE(PED) - Art. 4.3;12.6;0.35;2;0.11;Same;1xDN50;Victaulic;Copper;Hidrophillic;AISI 304;Natural finish
114;P30AC-4R-32T-2240-2PA-16C;2;32;4;16;2;0.11;2240;0.35;1;208;cross-flow both unmixed;40;35.25;30;0.5;18000;6.113888815;33459;33364;33088.5;32680;32585;32300;31939;31378.5;31131.5;30504.5;29991.5;33240.5;32908;32737;32547;32100.5;31682.5;31559;31141;30628;30191;;;;;;;;;;;;;;;;;;;;;;9;64.36;1.121849224;2.326490003;13.73979083;198.71;5%;2014/68/UE(PED) - Art. 4.3;12.6;0.35;2;0.11;Same;1xDN50;Victaulic;Copper;Hidrophillic;AISI 304;Natural finish
115;P30AC-4R-32T-1140-2PA-128C;2;32;4;128;2;0.11;1140;0.35;1;108;cross-flow both unmixed;40;39.05;30;0.5;9000;17.141962;18762.5;18639;18458.5;18183;17774.5;17071.5;15808;13946;11238.5;11048.5;10839.5;18496.5;18202;17945.5;17299.5;14934;11808.5;11390.5;11153;10896.5;10649.5;;;;;;;;;;;;;;;;;;;;;;89;60.22;11.46884362;18.61192002;140.464074;101.13;5%;2014/68/UE(PED) - Art. 4.3;12.6;0.35;2;0.11;Opposite;1xDN80;Victaulic;Copper;Hidrophillic;AISI 304;Natural finish
116;P30AC-3R-32T-1140-2PA-96C;2;32;3;96;2;0.11;1140;0.35;1;108;cross-flow both unmixed;40;39.05;30;0.5;9250;15.24053488;16682;16520.5;16387.5;16140.5;15893.5;15504;14934;13832;11751.5;9196;9015.5;16444.5;16207;16064.5;15694;14544.5;12578;10393;9291;9082;8854;;;;;;;;;;;;;;;;;;;;;;88;61.06;11.26170825;13.95894002;137.9271942;75.85;5%;2014/68/UE(PED) - Art. 4.3;12.6;0.35;2;0.11;Opposite;1xDN80;Victaulic;Copper;Hidrophillic;AISI 304;Natural finish